Datum;Wochentag;Kapazitaet_Std;Gebucht_Std;Auslastung_Prozent;Anzahl_Buchungen;Details_JSON
2026-01-04;Sunday;37.5;37.5;100.0;26;"[{""start"": 9.0, ""end"": 11.0, ""duration"": 2.0}, {""start"": 11.0, ""end"": 13.0, ""duration"": 2.0}, {""start"": 13.0, ""end"": 14.5, ""duration"": 1.5}, {""start"": 14.5, ""end"": 16.0, ""duration"": 1.5}, {""start"": 16.0, ""end"": 18.0, ""duration"": 2.0}, {""start"": 18.0, ""end"": 19.0, ""duration"": 1.0}, {""start"": 19.0, ""end"": 20.0, ""duration"": 1.0}, {""start"": 20.0, ""end"": 22.0, ""duration"": 2.0}, {""start"": 9.0, ""end"": 10.0, ""duration"": 1.0}, {""start"": 10.0, ""end"": 12.0, ""duration"": 2.0}, {""start"": 12.0, ""end"": 14.0, ""duration"": 2.0}, {""start"": 14.0, ""end"": 15.5, ""duration"": 1.5}, {""start"": 15.5, ""end"": 16.5, ""duration"": 1.0}, {""start"": 16.5, ""end"": 17.5, ""duration"": 1.0}, {""start"": 17.5, ""end"": 19.0, ""duration"": 1.5}, {""start"": 19.0, ""end"": 21.0, ""duration"": 2.0}, {""start"": 21.0, ""end"": 22.0, ""duration"": 1.0}, {""start"": 9.0, ""end"": 10.5, ""duration"": 1.5}, {""start"": 10.5, ""end"": 12.5, ""duration"": 2.0}, {""start"": 12.5, ""end"": 15.0, ""duration"": 2.5}, {""start"": 15.0, ""end"": 16.0, ""duration"": 1.0}, {""start"": 16.0, ""end"": 17.0, ""duration"": 1.0}, {""start"": 17.0, ""end"": 18.0, ""duration"": 1.0}, {""start"": 18.0, ""end"": 19.0, ""duration"": 1.0}, {""start"": 19.0, ""end"": 21.0, ""duration"": 2.0}, {""start"": 21.0, ""end"": 22.0, ""duration"": 1.0}]"
2026-01-05;Monday;43.5;42.0;96.55;29;"[{""start"": 9.0, ""end"": 10.0, ""duration"": 1.0}, {""start"": 10.0, ""end"": 12.0, ""duration"": 2.0}, {""start"": 12.0, ""end"": 14.0, ""duration"": 2.0}, {""start"": 14.0, ""end"": 16.0, ""duration"": 2.0}, {""start"": 16.0, ""end"": 17.5, ""duration"": 1.5}, {""start"": 17.5, ""end"": 19.5, ""duration"": 2.0}, {""start"": 19.5, ""end"": 20.5, ""duration"": 1.0}, {""start"": 20.5, ""end"": 22.0, ""duration"": 1.5}, {""start"": 8.0, ""end"": 9.0, ""duration"": 1.0}, {""start"": 9.0, ""end"": 10.5, ""duration"": 1.5}, {""start"": 10.5, ""end"": 11.5, ""duration"": 1.0}, {""start"": 11.5, ""end"": 12.5, ""duration"": 1.0}, {""start"": 12.5, ""end"": 14.5, ""duration"": 2.0}, {""start"": 14.5, ""end"": 15.5, ""duration"": 1.0}, {""start"": 15.5, ""end"": 17.0, ""duration"": 1.5}, {""start"": 17.0, ""end"": 18.0, ""duration"": 1.0}, {""start"": 18.0, ""end"": 19.0, ""duration"": 1.0}, {""start"": 19.0, ""end"": 20.0, ""duration"": 1.0}, {""start"": 20.0, ""end"": 22.0, ""duration"": 2.0}, {""start"": 8.0, ""end"": 9.0, ""duration"": 1.0}, {""start"": 9.0, ""end"": 11.0, ""duration"": 2.0}, {""start"": 11.0, ""end"": 12.5, ""duration"": 1.5}, {""start"": 12.5, ""end"": 14.5, ""duration"": 2.0}, {""start"": 14.5, ""end"": 15.5, ""duration"": 1.0}, {""start"": 15.5, ""end"": 16.5, ""duration"": 1.0}, {""start"": 16.5, ""end"": 18.0, ""duration"": 1.5}, {""start"": 18.0, ""end"": 19.0, ""duration"": 1.0}, {""start"": 19.0, ""end"": 21.0, ""duration"": 2.0}, {""start"": 21.0, ""end"": 23.0, ""duration"": 2.0}]"
2026-01-06;Tuesday;43.5;29.0;66.67;22;"[{""start"": 8.5, ""end"": 10.5, ""duration"": 2.0}, {""start"": 14.5, ""end"": 15.5, ""duration"": 1.0}, {""start"": 16.5, ""end"": 18.5, ""duration"": 2.0}, {""start"": 18.5, ""end"": 19.5, ""duration"": 1.0}, {""start"": 19.5, ""end"": 21.0, ""duration"": 1.5}, {""start"": 21.0, ""end"": 23.0, ""duration"": 2.0}, {""start"": 9.0, ""end"": 10.5, ""duration"": 1.5}, {""start"": 10.5, ""end"": 11.5, ""duration"": 1.0}, {""start"": 11.5, ""end"": 12.5, ""duration"": 1.0}, {""start"": 15.5, ""end"": 17.0, ""duration"": 1.5}, {""start"": 17.0, ""end"": 18.5, ""duration"": 1.5}, {""start"": 18.5, ""end"": 19.5, ""duration"": 1.0}, {""start"": 19.5, ""end"": 21.0, ""duration"": 1.5}, {""start"": 21.0, ""end"": 22.0, ""duration"": 1.0}, {""start"": 22.0, ""end"": 23.0, ""duration"": 1.0}, {""start"": 13.0, ""end"": 14.5, ""duration"": 1.5}, {""start"": 16.0, ""end"": 17.0, ""duration"": 1.0}, {""start"": 17.0, ""end"": 18.0, ""duration"": 1.0}, {""start"": 18.0, ""end"": 19.0, ""duration"": 1.0}, {""start"": 19.0, ""end"": 20.0, ""duration"": 1.0}, {""start"": 20.0, ""end"": 21.0, ""duration"": 1.0}, {""start"": 21.0, ""end"": 23.0, ""duration"": 2.0}]"
2026-01-07;Wednesday;43.5;32.0;73.56;23;"[{""start"": 9.5, ""end"": 11.5, ""duration"": 2.0}, {""start"": 11.5, ""end"": 13.5, ""duration"": 2.0}, {""start"": 13.5, ""end"": 15.0, ""duration"": 1.5}, {""start"": 15.0, ""end"": 16.5, ""duration"": 1.5}, {""start"": 16.5, ""end"": 17.5, ""duration"": 1.0}, {""start"": 17.5, ""end"": 19.0, ""duration"": 1.5}, {""start"": 19.0, ""end"": 21.0, ""duration"": 2.0}, {""start"": 21.0, ""end"": 22.0, ""duration"": 1.0}, {""start"": 22.0, ""end"": 23.0, ""duration"": 1.0}, {""start"": 11.0, ""end"": 13.0, ""duration"": 2.0}, {""start"": 14.5, ""end"": 15.5, ""duration"": 1.0}, {""start"": 16.5, ""end"": 17.5, ""duration"": 1.0}, {""start"": 17.5, ""end"": 19.0, ""duration"": 1.5}, {""start"": 19.0, ""end"": 20.0, ""duration"": 1.0}, {""start"": 21.0, ""end"": 22.0, ""duration"": 1.0}, {""start"": 8.5, ""end"": 10.0, ""duration"": 1.5}, {""start"": 10.0, ""end"": 11.5, ""duration"": 1.5}, {""start"": 11.5, ""end"": 12.5, ""duration"": 1.0}, {""start"": 14.0, ""end"": 15.0, ""duration"": 1.0}, {""start"": 16.0, ""end"": 17.5, ""duration"": 1.5}, {""start"": 17.5, ""end"": 19.0, ""duration"": 1.5}, {""start"": 19.0, ""end"": 20.0, ""duration"": 1.0}, {""start"": 20.0, ""end"": 22.0, ""duration"": 2.0}]"
2026-01-08;Thursday;43.5;33.5;77.01;24;"[{""start"": 8.5, ""end"": 10.0, ""duration"": 1.5}, {""start"": 10.0, ""end"": 11.5, ""duration"": 1.5}, {""start"": 13.5, ""end"": 15.0, ""duration"": 1.5}, {""start"": 15.0, ""end"": 16.0, ""duration"": 1.0}, {""start"": 16.0, ""end"": 17.0, ""duration"": 1.0}, {""start"": 17.0, ""end"": 18.5, ""duration"": 1.5}, {""start"": 18.5, ""end"": 20.5, ""duration"": 2.0}, {""start"": 20.5, ""end"": 22.0, ""duration"": 1.5}, {""start"": 9.5, ""end"": 10.5, ""duration"": 1.0}, {""start"": 13.0, ""end"": 14.0, ""duration"": 1.0}, {""start"": 15.0, ""end"": 16.0, ""duration"": 1.0}, {""start"": 16.0, ""end"": 18.0, ""duration"": 2.0}, {""start"": 18.0, ""end"": 19.0, ""duration"": 1.0}, {""start"": 19.0, ""end"": 21.0, ""duration"": 2.0}, {""start"": 21.0, ""end"": 22.0, ""duration"": 1.0}, {""start"": 22.0, ""end"": 23.0, ""duration"": 1.0}, {""start"": 9.0, ""end"": 10.5, ""duration"": 1.5}, {""start"": 10.5, ""end"": 12.5, ""duration"": 2.0}, {""start"": 14.5, ""end"": 15.5, ""duration"": 1.0}, {""start"": 15.5, ""end"": 17.0, ""duration"": 1.5}, {""start"": 17.0, ""end"": 18.5, ""duration"": 1.5}, {""start"": 18.5, ""end"": 20.0, ""duration"": 1.5}, {""start"": 20.0, ""end"": 22.0, ""duration"": 2.0}, {""start"": 22.0, ""end"": 23.0, ""duration"": 1.0}]"
2026-01-09;Friday;43.5;31.0;71.26;20;"[{""start"": 9.5, ""end"": 10.5, ""duration"": 1.0}, {""start"": 15.5, ""end"": 17.0, ""duration"": 1.5}, {""start"": 17.0, ""end"": 18.0, ""duration"": 1.0}, {""start"": 18.0, ""end"": 20.0, ""duration"": 2.0}, {""start"": 20.0, ""end"": 23.0, ""duration"": 3.0}, {""start"": 10.0, ""end"": 11.5, ""duration"": 1.5}, {""start"": 14.5, ""end"": 15.5, ""duration"": 1.0}, {""start"": 15.5, ""end"": 16.5, ""duration"": 1.0}, {""start"": 16.5, ""end"": 17.5, ""duration"": 1.0}, {""start"": 17.5, ""end"": 18.5, ""duration"": 1.0}, {""start"": 18.5, ""end"": 20.0, ""duration"": 1.5}, {""start"": 20.0, ""end"": 23.0, ""duration"": 3.0}, {""start"": 8.0, ""end"": 9.5, ""duration"": 1.5}, {""start"": 10.5, ""end"": 12.0, ""duration"": 1.5}, {""start"": 13.5, ""end"": 14.5, ""duration"": 1.0}, {""start"": 14.5, ""end"": 15.5, ""duration"": 1.0}, {""start"": 15.5, ""end"": 17.0, ""duration"": 1.5}, {""start"": 17.0, ""end"": 18.0, ""duration"": 1.0}, {""start"": 18.0, ""end"": 20.0, ""duration"": 2.0}, {""start"": 20.0, ""end"": 23.0, ""duration"": 3.0}]"
2026-01-10;Saturday;37.5;37.5;100.0;26;"[{""start"": 10.0, ""end"": 11.0, ""duration"": 1.0}, {""start"": 11.0, ""end"": 12.0, ""duration"": 1.0}, {""start"": 12.0, ""end"": 13.0, ""duration"": 1.0}, {""start"": 13.0, ""end"": 14.0, ""duration"": 1.0}, {""start"": 14.0, ""end"": 16.0, ""duration"": 2.0}, {""start"": 16.0, ""end"": 18.0, ""duration"": 2.0}, {""start"": 18.0, ""end"": 19.0, ""duration"": 1.0}, {""start"": 19.0, ""end"": 20.0, ""duration"": 1.0}, {""start"": 20.0, ""end"": 22.0, ""duration"": 2.0}, {""start"": 9.0, ""end"": 11.0, ""duration"": 2.0}, {""start"": 11.0, ""end"": 12.0, ""duration"": 1.0}, {""start"": 12.0, ""end"": 14.0, ""duration"": 2.0}, {""start"": 14.0, ""end"": 15.0, ""duration"": 1.0}, {""start"": 15.0, ""end"": 16.0, ""duration"": 1.0}, {""start"": 16.0, ""end"": 17.0, ""duration"": 1.0}, {""start"": 17.0, ""end"": 18.5, ""duration"": 1.5}, {""start"": 18.5, ""end"": 20.5, ""duration"": 2.0}, {""start"": 20.5, ""end"": 22.0, ""duration"": 1.5}, {""start"": 9.0, ""end"": 10.0, ""duration"": 1.0}, {""start"": 10.0, ""end"": 11.5, ""duration"": 1.5}, {""start"": 11.5, ""end"": 13.5, ""duration"": 2.0}, {""start"": 13.5, ""end"": 15.0, ""duration"": 1.5}, {""start"": 15.0, ""end"": 16.0, ""duration"": 1.0}, {""start"": 16.0, ""end"": 18.0, ""duration"": 2.0}, {""start"": 18.0, ""end"": 20.0, ""duration"": 2.0}, {""start"": 20.0, ""end"": 22.0, ""duration"": 2.0}]"
2026-01-11;Sunday;37.5;37.5;100.0;29;"[{""start"": 9.0, ""end"": 11.0, ""duration"": 2.0}, {""start"": 11.0, ""end"": 12.5, ""duration"": 1.5}, {""start"": 12.5, ""end"": 14.0, ""duration"": 1.5}, {""start"": 14.0, ""end"": 15.0, ""duration"": 1.0}, {""start"": 15.0, ""end"": 16.5, ""duration"": 1.5}, {""start"": 16.5, ""end"": 17.5, ""duration"": 1.0}, {""start"": 17.5, ""end"": 19.0, ""duration"": 1.5}, {""start"": 19.0, ""end"": 21.0, ""duration"": 2.0}, {""start"": 21.0, ""end"": 22.0, ""duration"": 1.0}, {""start"": 9.0, ""end"": 10.0, ""duration"": 1.0}, {""start"": 10.0, ""end"": 12.0, ""duration"": 2.0}, {""start"": 12.0, ""end"": 13.0, ""duration"": 1.0}, {""start"": 13.0, ""end"": 14.0, ""duration"": 1.0}, {""start"": 14.0, ""end"": 15.0, ""duration"": 1.0}, {""start"": 15.0, ""end"": 16.0, ""duration"": 1.0}, {""start"": 16.0, ""end"": 18.0, ""duration"": 2.0}, {""start"": 18.0, ""end"": 19.0, ""duration"": 1.0}, {""start"": 19.0, ""end"": 21.0, ""duration"": 2.0}, {""start"": 21.0, ""end"": 22.0, ""duration"": 1.0}, {""start"": 9.0, ""end"": 10.5, ""duration"": 1.5}, {""start"": 10.5, ""end"": 12.5, ""duration"": 2.0}, {""start"": 12.5, ""end"": 13.5, ""duration"": 1.0}, {""start"": 13.5, ""end"": 14.5, ""duration"": 1.0}, {""start"": 14.5, ""end"": 15.5, ""duration"": 1.0}, {""start"": 15.5, ""end"": 16.5, ""duration"": 1.0}, {""start"": 16.5, ""end"": 18.0, ""duration"": 1.5}, {""start"": 18.0, ""end"": 19.0, ""duration"": 1.0}, {""start"": 19.0, ""end"": 20.5, ""duration"": 1.5}, {""start"": 20.5, ""end"": 22.0, ""duration"": 1.5}]"
2026-01-12;Monday;43.5;30.5;70.11;23;"[{""start"": 8.0, ""end"": 10.0, ""duration"": 2.0}, {""start"": 11.0, ""end"": 12.0, ""duration"": 1.0}, {""start"": 13.5, ""end"": 14.5, ""duration"": 1.0}, {""start"": 14.5, ""end"": 15.5, ""duration"": 1.0}, {""start"": 16.5, ""end"": 17.5, ""duration"": 1.0}, {""start"": 17.5, ""end"": 19.0, ""duration"": 1.5}, {""start"": 19.0, ""end"": 20.5, ""duration"": 1.5}, {""start"": 21.0, ""end"": 22.0, ""duration"": 1.0}, {""start"": 22.0, ""end"": 23.0, ""duration"": 1.0}, {""start"": 9.5, ""end"": 10.5, ""duration"": 1.0}, {""start"": 14.5, ""end"": 16.0, ""duration"": 1.5}, {""start"": 16.0, ""end"": 17.0, ""duration"": 1.0}, {""start"": 17.0, ""end"": 18.0, ""duration"": 1.0}, {""start"": 18.0, ""end"": 19.0, ""duration"": 1.0}, {""start"": 19.0, ""end"": 21.0, ""duration"": 2.0}, {""start"": 21.0, ""end"": 23.0, ""duration"": 2.0}, {""start"": 10.5, ""end"": 11.5, ""duration"": 1.0}, {""start"": 14.0, ""end"": 15.0, ""duration"": 1.0}, {""start"": 15.0, ""end"": 16.5, ""duration"": 1.5}, {""start"": 16.5, ""end"": 17.5, ""duration"": 1.0}, {""start"": 17.5, ""end"": 19.0, ""duration"": 1.5}, {""start"": 19.0, ""end"": 21.0, ""duration"": 2.0}, {""start"": 21.0, ""end"": 23.0, ""duration"": 2.0}]"
2026-01-13;Tuesday;43.5;32.0;73.56;25;"[{""start"": 10.0, ""end"": 11.0, ""duration"": 1.0}, {""start"": 11.0, ""end"": 12.0, ""duration"": 1.0}, {""start"": 13.5, ""end"": 14.5, ""duration"": 1.0}, {""start"": 14.5, ""end"": 15.5, ""duration"": 1.0}, {""start"": 15.5, ""end"": 17.0, ""duration"": 1.5}, {""start"": 17.0, ""end"": 18.5, ""duration"": 1.5}, {""start"": 18.5, ""end"": 19.5, ""duration"": 1.0}, {""start"": 19.5, ""end"": 21.0, ""duration"": 1.5}, {""start"": 21.0, ""end"": 23.0, ""duration"": 2.0}, {""start"": 9.0, ""end"": 10.0, ""duration"": 1.0}, {""start"": 13.5, ""end"": 14.5, ""duration"": 1.0}, {""start"": 16.5, ""end"": 18.0, ""duration"": 1.5}, {""start"": 18.0, ""end"": 19.0, ""duration"": 1.0}, {""start"": 19.0, ""end"": 20.0, ""duration"": 1.0}, {""start"": 20.0, ""end"": 21.5, ""duration"": 1.5}, {""start"": 21.5, ""end"": 23.0, ""duration"": 1.5}, {""start"": 8.5, ""end"": 10.0, ""duration"": 1.5}, {""start"": 10.0, ""end"": 11.5, ""duration"": 1.5}, {""start"": 14.0, ""end"": 16.0, ""duration"": 2.0}, {""start"": 16.0, ""end"": 17.0, ""duration"": 1.0}, {""start"": 17.0, ""end"": 18.0, ""duration"": 1.0}, {""start"": 18.0, ""end"": 19.0, ""duration"": 1.0}, {""start"": 19.0, ""end"": 20.0, ""duration"": 1.0}, {""start"": 20.0, ""end"": 21.0, ""duration"": 1.0}, {""start"": 21.0, ""end"": 23.0, ""duration"": 2.0}]"
2026-01-14;Wednesday;43.5;23.5;54.02;13;"[{""start"": 14.5, ""end"": 16.0, ""duration"": 1.5}, {""start"": 16.0, ""end"": 18.0, ""duration"": 2.0}, {""start"": 18.0, ""end"": 20.0, ""duration"": 2.0}, {""start"": 20.0, ""end"": 22.0, ""duration"": 2.0}, {""start"": 22.0, ""end"": 23.0, ""duration"": 1.0}, {""start"": 11.5, ""end"": 13.5, ""duration"": 2.0}, {""start"": 16.5, ""end"": 18.0, ""duration"": 1.5}, {""start"": 18.0, ""end"": 20.0, ""duration"": 2.0}, {""start"": 20.0, ""end"": 22.0, ""duration"": 2.0}, {""start"": 9.0, ""end"": 10.5, ""duration"": 1.5}, {""start"": 16.0, ""end"": 18.0, ""duration"": 2.0}, {""start"": 18.0, ""end"": 20.0, ""duration"": 2.0}, {""start"": 20.0, ""end"": 22.0, ""duration"": 2.0}]"
2026-01-15;Thursday;43.5;29.0;66.67;20;"[{""start"": 8.0, ""end"": 9.5, ""duration"": 1.5}, {""start"": 9.5, ""end"": 11.0, ""duration"": 1.5}, {""start"": 12.0, ""end"": 13.0, ""duration"": 1.0}, {""start"": 17.0, ""end"": 18.5, ""duration"": 1.5}, {""start"": 18.5, ""end"": 20.5, ""duration"": 2.0}, {""start"": 20.5, ""end"": 22.0, ""duration"": 1.5}, {""start"": 22.0, ""end"": 23.0, ""duration"": 1.0}, {""start"": 9.0, ""end"": 10.0, ""duration"": 1.0}, {""start"": 11.0, ""end"": 12.0, ""duration"": 1.0}, {""start"": 14.5, ""end"": 15.5, ""duration"": 1.0}, {""start"": 16.5, ""end"": 18.0, ""duration"": 1.5}, {""start"": 18.0, ""end"": 19.0, ""duration"": 1.0}, {""start"": 19.0, ""end"": 21.0, ""duration"": 2.0}, {""start"": 21.0, ""end"": 23.0, ""duration"": 2.0}, {""start"": 9.0, ""end"": 11.0, ""duration"": 2.0}, {""start"": 15.5, ""end"": 17.0, ""duration"": 1.5}, {""start"": 17.0, ""end"": 18.5, ""duration"": 1.5}, {""start"": 18.5, ""end"": 20.0, ""duration"": 1.5}, {""start"": 20.0, ""end"": 22.0, ""duration"": 2.0}, {""start"": 22.0, ""end"": 23.0, ""duration"": 1.0}]"
2026-01-16;Friday;43.5;36.5;83.91;23;"[{""start"": 10.5, ""end"": 12.5, ""duration"": 2.0}, {""start"": 13.5, ""end"": 15.0, ""duration"": 1.5}, {""start"": 15.0, ""end"": 16.0, ""duration"": 1.0}, {""start"": 16.0, ""end"": 17.5, ""duration"": 1.5}, {""start"": 17.5, ""end"": 18.5, ""duration"": 1.0}, {""start"": 18.5, ""end"": 20.0, ""duration"": 1.5}, {""start"": 20.0, ""end"": 23.0, ""duration"": 3.0}, {""start"": 9.0, ""end"": 10.5, ""duration"": 1.5}, {""start"": 10.5, ""end"": 11.5, ""duration"": 1.0}, {""start"": 11.5, ""end"": 13.0, ""duration"": 1.5}, {""start"": 13.0, ""end"": 14.0, ""duration"": 1.0}, {""start"": 15.0, ""end"": 16.5, ""duration"": 1.5}, {""start"": 16.5, ""end"": 17.5, ""duration"": 1.0}, {""start"": 17.5, ""end"": 18.5, ""duration"": 1.0}, {""start"": 18.5, ""end"": 20.0, ""duration"": 1.5}, {""start"": 20.0, ""end"": 23.0, ""duration"": 3.0}, {""start"": 10.0, ""end"": 12.0, ""duration"": 2.0}, {""start"": 12.0, ""end"": 13.0, ""duration"": 1.0}, {""start"": 14.0, ""end"": 16.0, ""duration"": 2.0}, {""start"": 16.0, ""end"": 17.5, ""duration"": 1.5}, {""start"": 17.5, ""end"": 19.0, ""duration"": 1.5}, {""start"": 19.0, ""end"": 20.0, ""duration"": 1.0}, {""start"": 20.0, ""end"": 23.0, ""duration"": 3.0}]"
2026-01-17;Saturday;37.5;37.5;100.0;3;"[{""start"": 8.0, ""end"": 23.0, ""duration"": 15.0}, {""start"": 8.0, ""end"": 23.0, ""duration"": 15.0}, {""start"": 8.0, ""end"": 23.0, ""duration"": 15.0}]"
2026-01-18;Sunday;37.5;37.5;100.0;25;"[{""start"": 9.0, ""end"": 11.0, ""duration"": 2.0}, {""start"": 11.0, ""end"": 12.5, ""duration"": 1.5}, {""start"": 12.5, ""end"": 13.5, ""duration"": 1.0}, {""start"": 13.5, ""end"": 15.0, ""duration"": 1.5}, {""start"": 15.0, ""end"": 16.0, ""duration"": 1.0}, {""start"": 16.0, ""end"": 18.0, ""duration"": 2.0}, {""start"": 18.0, ""end"": 19.5, ""duration"": 1.5}, {""start"": 19.5, ""end"": 21.0, ""duration"": 1.5}, {""start"": 21.0, ""end"": 22.0, ""duration"": 1.0}, {""start"": 10.0, ""end"": 12.0, ""duration"": 2.0}, {""start"": 12.0, ""end"": 14.0, ""duration"": 2.0}, {""start"": 14.0, ""end"": 15.0, ""duration"": 1.0}, {""start"": 15.0, ""end"": 16.0, ""duration"": 1.0}, {""start"": 16.0, ""end"": 18.0, ""duration"": 2.0}, {""start"": 18.0, ""end"": 19.5, ""duration"": 1.5}, {""start"": 19.5, ""end"": 21.0, ""duration"": 1.5}, {""start"": 21.0, ""end"": 22.0, ""duration"": 1.0}, {""start"": 9.0, ""end"": 10.5, ""duration"": 1.5}, {""start"": 10.5, ""end"": 12.5, ""duration"": 2.0}, {""start"": 12.5, ""end"": 14.5, ""duration"": 2.0}, {""start"": 14.5, ""end"": 15.5, ""duration"": 1.0}, {""start"": 15.5, ""end"": 17.0, ""duration"": 1.5}, {""start"": 17.0, ""end"": 18.5, ""duration"": 1.5}, {""start"": 18.5, ""end"": 20.5, ""duration"": 2.0}, {""start"": 20.5, ""end"": 22.0, ""duration"": 1.5}]"
2026-01-19;Monday;43.5;36.5;83.91;28;"[{""start"": 9.5, ""end"": 11.0, ""duration"": 1.5}, {""start"": 11.0, ""end"": 12.0, ""duration"": 1.0}, {""start"": 12.0, ""end"": 13.5, ""duration"": 1.5}, {""start"": 15.0, ""end"": 17.0, ""duration"": 2.0}, {""start"": 17.0, ""end"": 18.0, ""duration"": 1.0}, {""start"": 18.0, ""end"": 20.0, ""duration"": 2.0}, {""start"": 20.0, ""end"": 22.0, ""duration"": 2.0}, {""start"": 22.0, ""end"": 23.0, ""duration"": 1.0}, {""start"": 8.5, ""end"": 10.0, ""duration"": 1.5}, {""start"": 10.0, ""end"": 11.0, ""duration"": 1.0}, {""start"": 11.0, ""end"": 12.0, ""duration"": 1.0}, {""start"": 13.0, ""end"": 14.5, ""duration"": 1.5}, {""start"": 16.0, ""end"": 17.0, ""duration"": 1.0}, {""start"": 17.0, ""end"": 18.0, ""duration"": 1.0}, {""start"": 18.0, ""end"": 19.0, ""duration"": 1.0}, {""start"": 19.0, ""end"": 20.0, ""duration"": 1.0}, {""start"": 20.0, ""end"": 21.0, ""duration"": 1.0}, {""start"": 21.0, ""end"": 22.0, ""duration"": 1.0}, {""start"": 22.0, ""end"": 23.0, ""duration"": 1.0}, {""start"": 9.5, ""end"": 10.5, ""duration"": 1.0}, {""start"": 10.5, ""end"": 11.5, ""duration"": 1.0}, {""start"": 11.5, ""end"": 12.5, ""duration"": 1.0}, {""start"": 13.5, ""end"": 15.0, ""duration"": 1.5}, {""start"": 15.0, ""end"": 16.0, ""duration"": 1.0}, {""start"": 16.0, ""end"": 17.5, ""duration"": 1.5}, {""start"": 17.5, ""end"": 19.0, ""duration"": 1.5}, {""start"": 19.0, ""end"": 21.0, ""duration"": 2.0}, {""start"": 21.0, ""end"": 23.0, ""duration"": 2.0}]"
2026-01-20;Tuesday;43.5;30.5;70.11;24;"[{""start"": 12.0, ""end"": 13.5, ""duration"": 1.5}, {""start"": 15.5, ""end"": 16.5, ""duration"": 1.0}, {""start"": 16.5, ""end"": 18.0, ""duration"": 1.5}, {""start"": 18.0, ""end"": 19.0, ""duration"": 1.0}, {""start"": 19.0, ""end"": 20.5, ""duration"": 1.5}, {""start"": 20.5, ""end"": 22.0, ""duration"": 1.5}, {""start"": 22.0, ""end"": 23.0, ""duration"": 1.0}, {""start"": 11.0, ""end"": 12.0, ""duration"": 1.0}, {""start"": 12.0, ""end"": 13.5, ""duration"": 1.5}, {""start"": 13.5, ""end"": 15.0, ""duration"": 1.5}, {""start"": 15.0, ""end"": 16.0, ""duration"": 1.0}, {""start"": 16.0, ""end"": 17.0, ""duration"": 1.0}, {""start"": 17.0, ""end"": 18.0, ""duration"": 1.0}, {""start"": 18.0, ""end"": 19.0, ""duration"": 1.0}, {""start"": 19.0, ""end"": 20.5, ""duration"": 1.5}, {""start"": 20.5, ""end"": 22.0, ""duration"": 1.5}, {""start"": 22.0, ""end"": 23.0, ""duration"": 1.0}, {""start"": 13.5, ""end"": 15.0, ""duration"": 1.5}, {""start"": 15.0, ""end"": 16.0, ""duration"": 1.0}, {""start"": 16.0, ""end"": 17.5, ""duration"": 1.5}, {""start"": 17.5, ""end"": 19.0, ""duration"": 1.5}, {""start"": 19.0, ""end"": 20.0, ""duration"": 1.0}, {""start"": 20.0, ""end"": 21.0, ""duration"": 1.0}, {""start"": 21.0, ""end"": 23.0, ""duration"": 2.0}]"
2026-01-21;Wednesday;43.5;26.5;60.92;18;"[{""start"": 10.5, ""end"": 12.5, ""duration"": 2.0}, {""start"": 13.5, ""end"": 15.0, ""duration"": 1.5}, {""start"": 16.0, ""end"": 17.0, ""duration"": 1.0}, {""start"": 17.0, ""end"": 19.0, ""duration"": 2.0}, {""start"": 19.0, ""end"": 20.5, ""duration"": 1.5}, {""start"": 20.5, ""end"": 22.0, ""duration"": 1.5}, {""start"": 8.0, ""end"": 9.5, ""duration"": 1.5}, {""start"": 12.5, ""end"": 13.5, ""duration"": 1.0}, {""start"": 16.0, ""end"": 17.0, ""duration"": 1.0}, {""start"": 17.0, ""end"": 18.5, ""duration"": 1.5}, {""start"": 18.5, ""end"": 20.0, ""duration"": 1.5}, {""start"": 20.0, ""end"": 22.0, ""duration"": 2.0}, {""start"": 9.0, ""end"": 10.0, ""duration"": 1.0}, {""start"": 14.5, ""end"": 16.0, ""duration"": 1.5}, {""start"": 16.0, ""end"": 17.0, ""duration"": 1.0}, {""start"": 17.0, ""end"": 18.5, ""duration"": 1.5}, {""start"": 18.5, ""end"": 20.0, ""duration"": 1.5}, {""start"": 20.0, ""end"": 22.0, ""duration"": 2.0}]"
2026-01-22;Thursday;43.5;31.0;71.26;22;"[{""start"": 10.5, ""end"": 11.5, ""duration"": 1.0}, {""start"": 14.5, ""end"": 15.5, ""duration"": 1.0}, {""start"": 15.5, ""end"": 17.5, ""duration"": 2.0}, {""start"": 17.5, ""end"": 18.5, ""duration"": 1.0}, {""start"": 18.5, ""end"": 20.5, ""duration"": 2.0}, {""start"": 20.5, ""end"": 22.0, ""duration"": 1.5}, {""start"": 22.0, ""end"": 23.0, ""duration"": 1.0}, {""start"": 12.0, ""end"": 13.5, ""duration"": 1.5}, {""start"": 14.5, ""end"": 16.0, ""duration"": 1.5}, {""start"": 16.0, ""end"": 17.0, ""duration"": 1.0}, {""start"": 17.0, ""end"": 18.0, ""duration"": 1.0}, {""start"": 18.0, ""end"": 19.0, ""duration"": 1.0}, {""start"": 19.0, ""end"": 21.0, ""duration"": 2.0}, {""start"": 21.0, ""end"": 23.0, ""duration"": 2.0}, {""start"": 10.5, ""end"": 12.0, ""duration"": 1.5}, {""start"": 13.0, ""end"": 14.5, ""duration"": 1.5}, {""start"": 14.5, ""end"": 15.5, ""duration"": 1.0}, {""start"": 15.5, ""end"": 17.0, ""duration"": 1.5}, {""start"": 17.0, ""end"": 19.0, ""duration"": 2.0}, {""start"": 19.0, ""end"": 20.5, ""duration"": 1.5}, {""start"": 20.5, ""end"": 22.0, ""duration"": 1.5}, {""start"": 22.0, ""end"": 23.0, ""duration"": 1.0}]"
2026-01-23;Friday;43.5;43.5;100.0;26;"[{""start"": 8.0, ""end"": 9.5, ""duration"": 1.5}, {""start"": 12.0, ""end"": 13.5, ""duration"": 1.5}, {""start"": 14.5, ""end"": 16.5, ""duration"": 2.0}, {""start"": 16.5, ""end"": 18.0, ""duration"": 1.5}, {""start"": 18.0, ""end"": 20.0, ""duration"": 2.0}, {""start"": 20.0, ""end"": 23.0, ""duration"": 3.0}, {""start"": 20.0, ""end"": 23.0, ""duration"": 3.0}, {""start"": 8.0, ""end"": 9.0, ""duration"": 1.0}, {""start"": 9.0, ""end"": 10.5, ""duration"": 1.5}, {""start"": 10.5, ""end"": 12.5, ""duration"": 2.0}, {""start"": 13.5, ""end"": 14.5, ""duration"": 1.0}, {""start"": 14.5, ""end"": 16.5, ""duration"": 2.0}, {""start"": 16.5, ""end"": 17.5, ""duration"": 1.0}, {""start"": 17.5, ""end"": 18.5, ""duration"": 1.0}, {""start"": 18.5, ""end"": 20.0, ""duration"": 1.5}, {""start"": 20.0, ""end"": 23.0, ""duration"": 3.0}, {""start"": 20.0, ""end"": 23.0, ""duration"": 3.0}, {""start"": 9.0, ""end"": 10.5, ""duration"": 1.5}, {""start"": 12.0, ""end"": 13.0, ""duration"": 1.0}, {""start"": 13.0, ""end"": 14.0, ""duration"": 1.0}, {""start"": 14.0, ""end"": 16.0, ""duration"": 2.0}, {""start"": 16.0, ""end"": 17.0, ""duration"": 1.0}, {""start"": 17.0, ""end"": 19.0, ""duration"": 2.0}, {""start"": 19.0, ""end"": 20.0, ""duration"": 1.0}, {""start"": 20.0, ""end"": 23.0, ""duration"": 3.0}, {""start"": 20.0, ""end"": 23.0, ""duration"": 3.0}]"
2026-01-24;Saturday;37.5;37.5;100.0;27;"[{""start"": 9.0, ""end"": 10.0, ""duration"": 1.0}, {""start"": 10.0, ""end"": 13.0, ""duration"": 3.0}, {""start"": 13.0, ""end"": 15.0, ""duration"": 2.0}, {""start"": 15.0, ""end"": 16.0, ""duration"": 1.0}, {""start"": 16.0, ""end"": 17.5, ""duration"": 1.5}, {""start"": 17.5, ""end"": 19.0, ""duration"": 1.5}, {""start"": 19.0, ""end"": 20.5, ""duration"": 1.5}, {""start"": 20.5, ""end"": 22.0, ""duration"": 1.5}, {""start"": 9.0, ""end"": 10.0, ""duration"": 1.0}, {""start"": 10.0, ""end"": 11.5, ""duration"": 1.5}, {""start"": 11.5, ""end"": 13.0, ""duration"": 1.5}, {""start"": 13.0, ""end"": 14.0, ""duration"": 1.0}, {""start"": 14.0, ""end"": 15.0, ""duration"": 1.0}, {""start"": 15.0, ""end"": 16.0, ""duration"": 1.0}, {""start"": 16.0, ""end"": 17.0, ""duration"": 1.0}, {""start"": 17.0, ""end"": 18.5, ""duration"": 1.5}, {""start"": 18.5, ""end"": 19.5, ""duration"": 1.0}, {""start"": 19.5, ""end"": 20.5, ""duration"": 1.0}, {""start"": 20.5, ""end"": 22.0, ""duration"": 1.5}, {""start"": 9.0, ""end"": 10.0, ""duration"": 1.0}, {""start"": 10.0, ""end"": 13.0, ""duration"": 3.0}, {""start"": 13.0, ""end"": 15.0, ""duration"": 2.0}, {""start"": 15.0, ""end"": 16.5, ""duration"": 1.5}, {""start"": 16.5, ""end"": 17.5, ""duration"": 1.0}, {""start"": 17.5, ""end"": 19.0, ""duration"": 1.5}, {""start"": 19.0, ""end"": 20.0, ""duration"": 1.0}, {""start"": 20.0, ""end"": 22.0, ""duration"": 2.0}]"
2026-01-25;Sunday;37.5;37.5;100.0;25;"[{""start"": 9.0, ""end"": 10.0, ""duration"": 1.0}, {""start"": 10.0, ""end"": 11.5, ""duration"": 1.5}, {""start"": 11.5, ""end"": 13.0, ""duration"": 1.5}, {""start"": 13.0, ""end"": 14.0, ""duration"": 1.0}, {""start"": 14.0, ""end"": 15.5, ""duration"": 1.5}, {""start"": 15.5, ""end"": 16.5, ""duration"": 1.0}, {""start"": 16.5, ""end"": 18.0, ""duration"": 1.5}, {""start"": 18.0, ""end"": 19.0, ""duration"": 1.0}, {""start"": 19.0, ""end"": 22.0, ""duration"": 3.0}, {""start"": 9.0, ""end"": 10.0, ""duration"": 1.0}, {""start"": 10.0, ""end"": 12.0, ""duration"": 2.0}, {""start"": 12.0, ""end"": 13.5, ""duration"": 1.5}, {""start"": 13.5, ""end"": 15.0, ""duration"": 1.5}, {""start"": 15.0, ""end"": 16.0, ""duration"": 1.0}, {""start"": 16.0, ""end"": 18.0, ""duration"": 2.0}, {""start"": 18.0, ""end"": 19.0, ""duration"": 1.0}, {""start"": 19.0, ""end"": 22.0, ""duration"": 3.0}, {""start"": 9.0, ""end"": 10.5, ""duration"": 1.5}, {""start"": 10.5, ""end"": 12.5, ""duration"": 2.0}, {""start"": 12.5, ""end"": 13.5, ""duration"": 1.0}, {""start"": 13.5, ""end"": 14.5, ""duration"": 1.0}, {""start"": 14.5, ""end"": 15.5, ""duration"": 1.0}, {""start"": 15.5, ""end"": 17.0, ""duration"": 1.5}, {""start"": 17.0, ""end"": 19.0, ""duration"": 2.0}, {""start"": 19.0, ""end"": 22.0, ""duration"": 3.0}]"
2026-01-26;Monday;43.5;26.5;60.92;19;"[{""start"": 9.0, ""end"": 10.0, ""duration"": 1.0}, {""start"": 13.5, ""end"": 15.5, ""duration"": 2.0}, {""start"": 15.5, ""end"": 16.0, ""duration"": 0.5}, {""start"": 16.5, ""end"": 18.0, ""duration"": 1.5}, {""start"": 18.0, ""end"": 20.0, ""duration"": 2.0}, {""start"": 20.0, ""end"": 22.0, ""duration"": 2.0}, {""start"": 10.5, ""end"": 11.5, ""duration"": 1.0}, {""start"": 16.0, ""end"": 17.0, ""duration"": 1.0}, {""start"": 17.0, ""end"": 18.0, ""duration"": 1.0}, {""start"": 18.0, ""end"": 19.0, ""duration"": 1.0}, {""start"": 19.0, ""end"": 21.0, ""duration"": 2.0}, {""start"": 21.0, ""end"": 23.0, ""duration"": 2.0}, {""start"": 9.5, ""end"": 10.5, ""duration"": 1.0}, {""start"": 10.5, ""end"": 11.5, ""duration"": 1.0}, {""start"": 15.5, ""end"": 16.5, ""duration"": 1.0}, {""start"": 16.5, ""end"": 18.0, ""duration"": 1.5}, {""start"": 18.0, ""end"": 19.0, ""duration"": 1.0}, {""start"": 19.0, ""end"": 21.0, ""duration"": 2.0}, {""start"": 21.0, ""end"": 23.0, ""duration"": 2.0}]"
2026-01-27;Tuesday;43.5;33.5;77.01;24;"[{""start"": 9.0, ""end"": 11.0, ""duration"": 2.0}, {""start"": 12.0, ""end"": 13.0, ""duration"": 1.0}, {""start"": 13.0, ""end"": 15.0, ""duration"": 2.0}, {""start"": 16.5, ""end"": 18.0, ""duration"": 1.5}, {""start"": 18.0, ""end"": 20.0, ""duration"": 2.0}, {""start"": 20.0, ""end"": 22.0, ""duration"": 2.0}, {""start"": 22.0, ""end"": 23.0, ""duration"": 1.0}, {""start"": 8.5, ""end"": 10.0, ""duration"": 1.5}, {""start"": 11.0, ""end"": 12.0, ""duration"": 1.0}, {""start"": 15.0, ""end"": 16.0, ""duration"": 1.0}, {""start"": 16.0, ""end"": 17.0, ""duration"": 1.0}, {""start"": 17.0, ""end"": 18.0, ""duration"": 1.0}, {""start"": 18.0, ""end"": 19.0, ""duration"": 1.0}, {""start"": 19.0, ""end"": 21.0, ""duration"": 2.0}, {""start"": 21.0, ""end"": 22.0, ""duration"": 1.0}, {""start"": 22.0, ""end"": 23.0, ""duration"": 1.0}, {""start"": 9.0, ""end"": 10.0, ""duration"": 1.0}, {""start"": 10.0, ""end"": 11.5, ""duration"": 1.5}, {""start"": 14.0, ""end"": 15.0, ""duration"": 1.0}, {""start"": 15.0, ""end"": 16.5, ""duration"": 1.5}, {""start"": 16.5, ""end"": 18.0, ""duration"": 1.5}, {""start"": 18.0, ""end"": 20.0, ""duration"": 2.0}, {""start"": 20.0, ""end"": 21.0, ""duration"": 1.0}, {""start"": 21.0, ""end"": 23.0, ""duration"": 2.0}]"
2026-01-28;Wednesday;43.5;30.0;68.97;23;"[{""start"": 10.5, ""end"": 11.5, ""duration"": 1.0}, {""start"": 11.5, ""end"": 12.5, ""duration"": 1.0}, {""start"": 15.5, ""end"": 17.0, ""duration"": 1.5}, {""start"": 17.0, ""end"": 19.0, ""duration"": 2.0}, {""start"": 19.0, ""end"": 21.0, ""duration"": 2.0}, {""start"": 21.0, ""end"": 22.0, ""duration"": 1.0}, {""start"": 22.0, ""end"": 23.0, ""duration"": 1.0}, {""start"": 10.0, ""end"": 11.0, ""duration"": 1.0}, {""start"": 12.5, ""end"": 13.5, ""duration"": 1.0}, {""start"": 15.5, ""end"": 17.0, ""duration"": 1.5}, {""start"": 17.0, ""end"": 18.5, ""duration"": 1.5}, {""start"": 18.5, ""end"": 19.5, ""duration"": 1.0}, {""start"": 19.5, ""end"": 21.0, ""duration"": 1.5}, {""start"": 21.0, ""end"": 22.0, ""duration"": 1.0}, {""start"": 9.0, ""end"": 10.0, ""duration"": 1.0}, {""start"": 10.0, ""end"": 11.5, ""duration"": 1.5}, {""start"": 13.5, ""end"": 15.0, ""duration"": 1.5}, {""start"": 15.0, ""end"": 16.0, ""duration"": 1.0}, {""start"": 16.0, ""end"": 17.0, ""duration"": 1.0}, {""start"": 17.0, ""end"": 18.5, ""duration"": 1.5}, {""start"": 18.5, ""end"": 20.0, ""duration"": 1.5}, {""start"": 20.0, ""end"": 22.0, ""duration"": 2.0}, {""start"": 22.0, ""end"": 23.0, ""duration"": 1.0}]"
2026-01-29;Thursday;43.5;32.0;73.56;21;"[{""start"": 8.5, ""end"": 10.5, ""duration"": 2.0}, {""start"": 12.0, ""end"": 13.5, ""duration"": 1.5}, {""start"": 14.5, ""end"": 16.0, ""duration"": 1.5}, {""start"": 16.0, ""end"": 17.0, ""duration"": 1.0}, {""start"": 17.0, ""end"": 18.5, ""duration"": 1.5}, {""start"": 18.5, ""end"": 20.5, ""duration"": 2.0}, {""start"": 20.5, ""end"": 22.0, ""duration"": 1.5}, {""start"": 22.0, ""end"": 23.0, ""duration"": 1.0}, {""start"": 11.0, ""end"": 13.0, ""duration"": 2.0}, {""start"": 14.5, ""end"": 16.0, ""duration"": 1.5}, {""start"": 16.0, ""end"": 17.0, ""duration"": 1.0}, {""start"": 17.0, ""end"": 18.0, ""duration"": 1.0}, {""start"": 18.0, ""end"": 19.0, ""duration"": 1.0}, {""start"": 19.0, ""end"": 21.0, ""duration"": 2.0}, {""start"": 21.0, ""end"": 23.0, ""duration"": 2.0}, {""start"": 8.5, ""end"": 10.0, ""duration"": 1.5}, {""start"": 14.0, ""end"": 15.5, ""duration"": 1.5}, {""start"": 15.5, ""end"": 16.5, ""duration"": 1.0}, {""start"": 16.5, ""end"": 18.5, ""duration"": 2.0}, {""start"": 18.5, ""end"": 20.0, ""duration"": 1.5}, {""start"": 20.0, ""end"": 22.0, ""duration"": 2.0}]"
2026-01-30;Friday;43.5;38.0;87.36;24;"[{""start"": 10.5, ""end"": 12.0, ""duration"": 1.5}, {""start"": 12.0, ""end"": 13.0, ""duration"": 1.0}, {""start"": 13.0, ""end"": 15.0, ""duration"": 2.0}, {""start"": 15.0, ""end"": 16.5, ""duration"": 1.5}, {""start"": 16.5, ""end"": 18.0, ""duration"": 1.5}, {""start"": 18.0, ""end"": 19.0, ""duration"": 1.0}, {""start"": 19.0, ""end"": 20.0, ""duration"": 1.0}, {""start"": 20.0, ""end"": 23.0, ""duration"": 3.0}, {""start"": 10.5, ""end"": 11.5, ""duration"": 1.0}, {""start"": 11.5, ""end"": 12.5, ""duration"": 1.0}, {""start"": 12.5, ""end"": 14.0, ""duration"": 1.5}, {""start"": 14.0, ""end"": 15.0, ""duration"": 1.0}, {""start"": 15.0, ""end"": 17.0, ""duration"": 2.0}, {""start"": 17.0, ""end"": 18.5, ""duration"": 1.5}, {""start"": 18.5, ""end"": 20.0, ""duration"": 1.5}, {""start"": 20.0, ""end"": 23.0, ""duration"": 3.0}, {""start"": 8.0, ""end"": 9.5, ""duration"": 1.5}, {""start"": 11.5, ""end"": 13.5, ""duration"": 2.0}, {""start"": 13.5, ""end"": 15.0, ""duration"": 1.5}, {""start"": 15.0, ""end"": 16.0, ""duration"": 1.0}, {""start"": 16.0, ""end"": 18.0, ""duration"": 2.0}, {""start"": 18.0, ""end"": 19.0, ""duration"": 1.0}, {""start"": 19.0, ""end"": 20.0, ""duration"": 1.0}, {""start"": 20.0, ""end"": 23.0, ""duration"": 3.0}]"
2026-01-31;Saturday;37.5;37.5;100.0;28;"[{""start"": 9.0, ""end"": 10.0, ""duration"": 1.0}, {""start"": 10.0, ""end"": 11.5, ""duration"": 1.5}, {""start"": 11.5, ""end"": 12.5, ""duration"": 1.0}, {""start"": 12.5, ""end"": 14.0, ""duration"": 1.5}, {""start"": 14.0, ""end"": 15.0, ""duration"": 1.0}, {""start"": 15.0, ""end"": 16.5, ""duration"": 1.5}, {""start"": 16.5, ""end"": 17.5, ""duration"": 1.0}, {""start"": 17.5, ""end"": 19.5, ""duration"": 2.0}, {""start"": 19.5, ""end"": 20.5, ""duration"": 1.0}, {""start"": 20.5, ""end"": 22.0, ""duration"": 1.5}, {""start"": 9.0, ""end"": 10.0, ""duration"": 1.0}, {""start"": 11.0, ""end"": 13.0, ""duration"": 2.0}, {""start"": 13.0, ""end"": 14.0, ""duration"": 1.0}, {""start"": 14.0, ""end"": 15.0, ""duration"": 1.0}, {""start"": 15.0, ""end"": 16.5, ""duration"": 1.5}, {""start"": 16.5, ""end"": 17.5, ""duration"": 1.0}, {""start"": 17.5, ""end"": 18.5, ""duration"": 1.0}, {""start"": 18.5, ""end"": 20.5, ""duration"": 2.0}, {""start"": 20.5, ""end"": 22.0, ""duration"": 1.5}, {""start"": 9.0, ""end"": 11.0, ""duration"": 2.0}, {""start"": 11.0, ""end"": 12.5, ""duration"": 1.5}, {""start"": 12.5, ""end"": 13.5, ""duration"": 1.0}, {""start"": 13.5, ""end"": 15.5, ""duration"": 2.0}, {""start"": 15.5, ""end"": 16.5, ""duration"": 1.0}, {""start"": 16.5, ""end"": 17.5, ""duration"": 1.0}, {""start"": 17.5, ""end"": 18.5, ""duration"": 1.0}, {""start"": 18.5, ""end"": 20.0, ""duration"": 1.5}, {""start"": 20.0, ""end"": 22.0, ""duration"": 2.0}]"
2026-02-01;Sunday;37.5;37.5;100.0;27;"[{""start"": 9.0, ""end"": 11.0, ""duration"": 2.0}, {""start"": 11.0, ""end"": 13.0, ""duration"": 2.0}, {""start"": 13.0, ""end"": 14.0, ""duration"": 1.0}, {""start"": 14.0, ""end"": 15.5, ""duration"": 1.5}, {""start"": 15.5, ""end"": 17.0, ""duration"": 1.5}, {""start"": 17.0, ""end"": 18.0, ""duration"": 1.0}, {""start"": 18.0, ""end"": 19.0, ""duration"": 1.0}, {""start"": 19.0, ""end"": 21.0, ""duration"": 2.0}, {""start"": 21.0, ""end"": 22.0, ""duration"": 1.0}, {""start"": 9.0, ""end"": 10.0, ""duration"": 1.0}, {""start"": 10.0, ""end"": 11.0, ""duration"": 1.0}, {""start"": 11.0, ""end"": 12.0, ""duration"": 1.0}, {""start"": 12.0, ""end"": 14.0, ""duration"": 2.0}, {""start"": 14.0, ""end"": 15.0, ""duration"": 1.0}, {""start"": 15.0, ""end"": 17.0, ""duration"": 2.0}, {""start"": 17.0, ""end"": 18.0, ""duration"": 1.0}, {""start"": 18.0, ""end"": 19.5, ""duration"": 1.5}, {""start"": 19.5, ""end"": 21.0, ""duration"": 1.5}, {""start"": 21.0, ""end"": 22.0, ""duration"": 1.0}, {""start"": 9.0, ""end"": 10.5, ""duration"": 1.5}, {""start"": 10.5, ""end"": 12.5, ""duration"": 2.0}, {""start"": 12.5, ""end"": 14.0, ""duration"": 1.5}, {""start"": 14.0, ""end"": 15.0, ""duration"": 1.0}, {""start"": 15.0, ""end"": 17.0, ""duration"": 2.0}, {""start"": 17.0, ""end"": 18.5, ""duration"": 1.5}, {""start"": 18.5, ""end"": 20.5, ""duration"": 2.0}, {""start"": 20.5, ""end"": 22.0, ""duration"": 1.5}]"
2026-02-03;Tuesday;43.5;43.0;98.85;33;"[{""start"": 9.0, ""end"": 11.0, ""duration"": 2.0}, {""start"": 11.0, ""end"": 13.0, ""duration"": 2.0}, {""start"": 13.0, ""end"": 14.0, ""duration"": 1.0}, {""start"": 14.0, ""end"": 15.0, ""duration"": 1.0}, {""start"": 15.0, ""end"": 16.5, ""duration"": 1.5}, {""start"": 16.5, ""end"": 17.5, ""duration"": 1.0}, {""start"": 17.5, ""end"": 19.0, ""duration"": 1.5}, {""start"": 19.0, ""end"": 21.0, ""duration"": 2.0}, {""start"": 21.0, ""end"": 22.0, ""duration"": 1.0}, {""start"": 8.0, ""end"": 9.0, ""duration"": 1.0}, {""start"": 9.0, ""end"": 10.5, ""duration"": 1.5}, {""start"": 10.5, ""end"": 11.5, ""duration"": 1.0}, {""start"": 11.5, ""end"": 13.0, ""duration"": 1.5}, {""start"": 13.0, ""end"": 14.0, ""duration"": 1.0}, {""start"": 14.0, ""end"": 16.0, ""duration"": 2.0}, {""start"": 16.0, ""end"": 17.0, ""duration"": 1.0}, {""start"": 17.0, ""end"": 18.0, ""duration"": 1.0}, {""start"": 18.0, ""end"": 19.0, ""duration"": 1.0}, {""start"": 19.0, ""end"": 20.5, ""duration"": 1.5}, {""start"": 20.5, ""end"": 22.0, ""duration"": 1.5}, {""start"": 22.0, ""end"": 23.0, ""duration"": 1.0}, {""start"": 8.0, ""end"": 9.5, ""duration"": 1.5}, {""start"": 9.5, ""end"": 11.0, ""duration"": 1.5}, {""start"": 11.0, ""end"": 12.0, ""duration"": 1.0}, {""start"": 12.0, ""end"": 13.5, ""duration"": 1.5}, {""start"": 13.5, ""end"": 14.5, ""duration"": 1.0}, {""start"": 14.5, ""end"": 15.5, ""duration"": 1.0}, {""start"": 15.5, ""end"": 16.5, ""duration"": 1.0}, {""start"": 16.5, ""end"": 18.0, ""duration"": 1.5}, {""start"": 18.0, ""end"": 19.0, ""duration"": 1.0}, {""start"": 19.0, ""end"": 20.0, ""duration"": 1.0}, {""start"": 20.0, ""end"": 21.0, ""duration"": 1.0}, {""start"": 21.0, ""end"": 23.0, ""duration"": 2.0}]"
2026-02-04;Wednesday;43.5;38.5;88.51;25;"[{""start"": 9.0, ""end"": 11.0, ""duration"": 2.0}, {""start"": 12.0, ""end"": 14.0, ""duration"": 2.0}, {""start"": 15.0, ""end"": 16.5, ""duration"": 1.5}, {""start"": 16.5, ""end"": 18.5, ""duration"": 2.0}, {""start"": 18.5, ""end"": 20.0, ""duration"": 1.5}, {""start"": 20.0, ""end"": 21.5, ""duration"": 1.5}, {""start"": 21.5, ""end"": 23.0, ""duration"": 1.5}, {""start"": 9.5, ""end"": 10.5, ""duration"": 1.0}, {""start"": 10.5, ""end"": 12.0, ""duration"": 1.5}, {""start"": 12.0, ""end"": 14.0, ""duration"": 2.0}, {""start"": 14.0, ""end"": 15.0, ""duration"": 1.0}, {""start"": 15.0, ""end"": 16.5, ""duration"": 1.5}, {""start"": 16.5, ""end"": 18.5, ""duration"": 2.0}, {""start"": 18.5, ""end"": 20.0, ""duration"": 1.5}, {""start"": 20.0, ""end"": 22.0, ""duration"": 2.0}, {""start"": 9.0, ""end"": 11.0, ""duration"": 2.0}, {""start"": 11.0, ""end"": 13.0, ""duration"": 2.0}, {""start"": 13.0, ""end"": 14.0, ""duration"": 1.0}, {""start"": 14.0, ""end"": 15.0, ""duration"": 1.0}, {""start"": 15.0, ""end"": 16.0, ""duration"": 1.0}, {""start"": 16.0, ""end"": 17.0, ""duration"": 1.0}, {""start"": 17.0, ""end"": 18.0, ""duration"": 1.0}, {""start"": 18.0, ""end"": 20.0, ""duration"": 2.0}, {""start"": 20.0, ""end"": 22.0, ""duration"": 2.0}, {""start"": 22.0, ""end"": 23.0, ""duration"": 1.0}]"
2026-02-05;Thursday;43.5;39.5;90.8;30;"[{""start"": 8.0, ""end"": 9.0, ""duration"": 1.0}, {""start"": 9.0, ""end"": 10.0, ""duration"": 1.0}, {""start"": 10.0, ""end"": 11.0, ""duration"": 1.0}, {""start"": 12.0, ""end"": 13.0, ""duration"": 1.0}, {""start"": 14.0, ""end"": 15.5, ""duration"": 1.5}, {""start"": 15.5, ""end"": 17.0, ""duration"": 1.5}, {""start"": 17.0, ""end"": 18.5, ""duration"": 1.5}, {""start"": 18.5, ""end"": 20.5, ""duration"": 2.0}, {""start"": 20.5, ""end"": 22.0, ""duration"": 1.5}, {""start"": 8.0, ""end"": 9.0, ""duration"": 1.0}, {""start"": 9.0, ""end"": 10.0, ""duration"": 1.0}, {""start"": 10.0, ""end"": 12.0, ""duration"": 2.0}, {""start"": 13.5, ""end"": 15.0, ""duration"": 1.5}, {""start"": 15.0, ""end"": 17.0, ""duration"": 2.0}, {""start"": 17.0, ""end"": 18.0, ""duration"": 1.0}, {""start"": 18.0, ""end"": 19.0, ""duration"": 1.0}, {""start"": 19.0, ""end"": 21.0, ""duration"": 2.0}, {""start"": 21.0, ""end"": 23.0, ""duration"": 2.0}, {""start"": 8.0, ""end"": 8.5, ""duration"": 0.5}, {""start"": 8.5, ""end"": 10.0, ""duration"": 1.5}, {""start"": 10.0, ""end"": 11.0, ""duration"": 1.0}, {""start"": 11.0, ""end"": 12.0, ""duration"": 1.0}, {""start"": 13.0, ""end"": 14.0, ""duration"": 1.0}, {""start"": 14.0, ""end"": 15.0, ""duration"": 1.0}, {""start"": 15.0, ""end"": 16.0, ""duration"": 1.0}, {""start"": 16.0, ""end"": 17.0, ""duration"": 1.0}, {""start"": 17.0, ""end"": 19.0, ""duration"": 2.0}, {""start"": 19.0, ""end"": 20.5, ""duration"": 1.5}, {""start"": 20.5, ""end"": 22.0, ""duration"": 1.5}, {""start"": 22.0, ""end"": 23.0, ""duration"": 1.0}]"
2026-02-06;Friday;43.5;40.0;91.95;26;"[{""start"": 9.0, ""end"": 10.0, ""duration"": 1.0}, {""start"": 10.0, ""end"": 12.0, ""duration"": 2.0}, {""start"": 13.0, ""end"": 14.5, ""duration"": 1.5}, {""start"": 14.5, ""end"": 15.5, ""duration"": 1.0}, {""start"": 15.5, ""end"": 16.5, ""duration"": 1.0}, {""start"": 16.5, ""end"": 17.5, ""duration"": 1.0}, {""start"": 17.5, ""end"": 18.5, ""duration"": 1.0}, {""start"": 18.5, ""end"": 20.0, ""duration"": 1.5}, {""start"": 20.0, ""end"": 23.0, ""duration"": 3.0}, {""start"": 8.0, ""end"": 9.5, ""duration"": 1.5}, {""start"": 11.0, ""end"": 12.0, ""duration"": 1.0}, {""start"": 12.0, ""end"": 12.5, ""duration"": 0.5}, {""start"": 13.0, ""end"": 15.0, ""duration"": 2.0}, {""start"": 15.0, ""end"": 16.0, ""duration"": 1.0}, {""start"": 16.0, ""end"": 17.5, ""duration"": 1.5}, {""start"": 17.5, ""end"": 18.5, ""duration"": 1.0}, {""start"": 18.5, ""end"": 20.0, ""duration"": 1.5}, {""start"": 20.0, ""end"": 23.0, ""duration"": 3.0}, {""start"": 9.0, ""end"": 10.5, ""duration"": 1.5}, {""start"": 10.5, ""end"": 12.0, ""duration"": 1.5}, {""start"": 12.0, ""end"": 13.0, ""duration"": 1.0}, {""start"": 13.0, ""end"": 14.5, ""duration"": 1.5}, {""start"": 14.5, ""end"": 16.0, ""duration"": 1.5}, {""start"": 16.0, ""end"": 18.0, ""duration"": 2.0}, {""start"": 18.0, ""end"": 20.0, ""duration"": 2.0}, {""start"": 20.0, ""end"": 23.0, ""duration"": 3.0}]"
2026-02-07;Saturday;37.5;37.5;100.0;27;"[{""start"": 9.0, ""end"": 10.0, ""duration"": 1.0}, {""start"": 10.0, ""end"": 12.0, ""duration"": 2.0}, {""start"": 12.0, ""end"": 13.5, ""duration"": 1.5}, {""start"": 13.5, ""end"": 14.5, ""duration"": 1.0}, {""start"": 14.5, ""end"": 16.0, ""duration"": 1.5}, {""start"": 16.0, ""end"": 17.5, ""duration"": 1.5}, {""start"": 17.5, ""end"": 19.0, ""duration"": 1.5}, {""start"": 19.0, ""end"": 20.5, ""duration"": 1.5}, {""start"": 20.5, ""end"": 22.0, ""duration"": 1.5}, {""start"": 9.0, ""end"": 10.0, ""duration"": 1.0}, {""start"": 10.0, ""end"": 11.0, ""duration"": 1.0}, {""start"": 11.0, ""end"": 12.5, ""duration"": 1.5}, {""start"": 12.5, ""end"": 13.5, ""duration"": 1.0}, {""start"": 13.5, ""end"": 15.0, ""duration"": 1.5}, {""start"": 15.0, ""end"": 16.5, ""duration"": 1.5}, {""start"": 16.5, ""end"": 17.5, ""duration"": 1.0}, {""start"": 17.5, ""end"": 18.5, ""duration"": 1.0}, {""start"": 18.5, ""end"": 20.0, ""duration"": 1.5}, {""start"": 20.0, ""end"": 22.0, ""duration"": 2.0}, {""start"": 9.0, ""end"": 11.0, ""duration"": 2.0}, {""start"": 11.0, ""end"": 12.5, ""duration"": 1.5}, {""start"": 12.5, ""end"": 14.0, ""duration"": 1.5}, {""start"": 14.0, ""end"": 15.0, ""duration"": 1.0}, {""start"": 15.0, ""end"": 17.0, ""duration"": 2.0}, {""start"": 17.0, ""end"": 18.5, ""duration"": 1.5}, {""start"": 18.5, ""end"": 20.0, ""duration"": 1.5}, {""start"": 20.0, ""end"": 22.0, ""duration"": 2.0}]"
2026-02-08;Sunday;37.5;37.5;100.0;29;"[{""start"": 9.0, ""end"": 11.0, ""duration"": 2.0}, {""start"": 11.0, ""end"": 13.0, ""duration"": 2.0}, {""start"": 13.0, ""end"": 14.0, ""duration"": 1.0}, {""start"": 14.0, ""end"": 15.5, ""duration"": 1.5}, {""start"": 15.5, ""end"": 17.5, ""duration"": 2.0}, {""start"": 17.5, ""end"": 19.0, ""duration"": 1.5}, {""start"": 19.0, ""end"": 20.0, ""duration"": 1.0}, {""start"": 20.0, ""end"": 21.0, ""duration"": 1.0}, {""start"": 21.0, ""end"": 22.0, ""duration"": 1.0}, {""start"": 9.0, ""end"": 10.0, ""duration"": 1.0}, {""start"": 10.0, ""end"": 11.0, ""duration"": 1.0}, {""start"": 11.0, ""end"": 12.0, ""duration"": 1.0}, {""start"": 12.0, ""end"": 13.5, ""duration"": 1.5}, {""start"": 13.5, ""end"": 14.5, ""duration"": 1.0}, {""start"": 14.5, ""end"": 15.5, ""duration"": 1.0}, {""start"": 15.5, ""end"": 16.5, ""duration"": 1.0}, {""start"": 16.5, ""end"": 17.5, ""duration"": 1.0}, {""start"": 17.5, ""end"": 19.0, ""duration"": 1.5}, {""start"": 19.0, ""end"": 21.0, ""duration"": 2.0}, {""start"": 21.0, ""end"": 22.0, ""duration"": 1.0}, {""start"": 9.0, ""end"": 10.5, ""duration"": 1.5}, {""start"": 10.5, ""end"": 12.5, ""duration"": 2.0}, {""start"": 12.5, ""end"": 14.0, ""duration"": 1.5}, {""start"": 14.0, ""end"": 15.5, ""duration"": 1.5}, {""start"": 15.5, ""end"": 16.5, ""duration"": 1.0}, {""start"": 16.5, ""end"": 17.5, ""duration"": 1.0}, {""start"": 17.5, ""end"": 19.0, ""duration"": 1.5}, {""start"": 19.0, ""end"": 20.5, ""duration"": 1.5}, {""start"": 20.5, ""end"": 22.0, ""duration"": 1.5}]"
2026-02-09;Monday;43.5;32.5;74.71;22;"[{""start"": 10.0, ""end"": 11.0, ""duration"": 1.0}, {""start"": 14.0, ""end"": 16.0, ""duration"": 2.0}, {""start"": 16.0, ""end"": 17.0, ""duration"": 1.0}, {""start"": 17.0, ""end"": 18.5, ""duration"": 1.5}, {""start"": 18.5, ""end"": 20.0, ""duration"": 1.5}, {""start"": 20.0, ""end"": 23.0, ""duration"": 3.0}, {""start"": 8.0, ""end"": 9.0, ""duration"": 1.0}, {""start"": 9.0, ""end"": 10.0, ""duration"": 1.0}, {""start"": 10.0, ""end"": 11.0, ""duration"": 1.0}, {""start"": 13.0, ""end"": 14.5, ""duration"": 1.5}, {""start"": 16.0, ""end"": 17.0, ""duration"": 1.0}, {""start"": 17.0, ""end"": 18.0, ""duration"": 1.0}, {""start"": 18.0, ""end"": 19.0, ""duration"": 1.0}, {""start"": 19.0, ""end"": 20.0, ""duration"": 1.0}, {""start"": 20.0, ""end"": 23.0, ""duration"": 3.0}, {""start"": 8.0, ""end"": 9.0, ""duration"": 1.0}, {""start"": 9.0, ""end"": 10.0, ""duration"": 1.0}, {""start"": 10.0, ""end"": 11.0, ""duration"": 1.0}, {""start"": 15.0, ""end"": 17.0, ""duration"": 2.0}, {""start"": 17.0, ""end"": 18.0, ""duration"": 1.0}, {""start"": 18.0, ""end"": 20.0, ""duration"": 2.0}, {""start"": 20.0, ""end"": 23.0, ""duration"": 3.0}]"
2026-02-10;Tuesday;43.5;29.0;66.67;20;"[{""start"": 13.0, ""end"": 14.0, ""duration"": 1.0}, {""start"": 15.0, ""end"": 17.0, ""duration"": 2.0}, {""start"": 17.0, ""end"": 18.5, ""duration"": 1.5}, {""start"": 18.5, ""end"": 20.0, ""duration"": 1.5}, {""start"": 20.0, ""end"": 21.0, ""duration"": 1.0}, {""start"": 21.0, ""end"": 22.0, ""duration"": 1.0}, {""start"": 22.0, ""end"": 23.0, ""duration"": 1.0}, {""start"": 11.0, ""end"": 12.5, ""duration"": 1.5}, {""start"": 15.0, ""end"": 16.0, ""duration"": 1.0}, {""start"": 17.0, ""end"": 19.0, ""duration"": 2.0}, {""start"": 19.0, ""end"": 20.5, ""duration"": 1.5}, {""start"": 20.5, ""end"": 22.0, ""duration"": 1.5}, {""start"": 22.0, ""end"": 23.0, ""duration"": 1.0}, {""start"": 9.0, ""end"": 10.5, ""duration"": 1.5}, {""start"": 12.0, ""end"": 14.0, ""duration"": 2.0}, {""start"": 15.0, ""end"": 16.0, ""duration"": 1.0}, {""start"": 16.0, ""end"": 18.0, ""duration"": 2.0}, {""start"": 18.0, ""end"": 20.0, ""duration"": 2.0}, {""start"": 20.0, ""end"": 21.0, ""duration"": 1.0}, {""start"": 21.0, ""end"": 23.0, ""duration"": 2.0}]"
2026-02-11;Wednesday;43.5;30.5;70.11;25;"[{""start"": 10.5, ""end"": 11.5, ""duration"": 1.0}, {""start"": 11.5, ""end"": 12.5, ""duration"": 1.0}, {""start"": 15.0, ""end"": 16.0, ""duration"": 1.0}, {""start"": 17.0, ""end"": 19.0, ""duration"": 2.0}, {""start"": 19.0, ""end"": 20.5, ""duration"": 1.5}, {""start"": 20.5, ""end"": 22.0, ""duration"": 1.5}, {""start"": 11.0, ""end"": 12.0, ""duration"": 1.0}, {""start"": 12.0, ""end"": 12.5, ""duration"": 0.5}, {""start"": 13.5, ""end"": 15.0, ""duration"": 1.5}, {""start"": 15.0, ""end"": 16.0, ""duration"": 1.0}, {""start"": 16.0, ""end"": 17.0, ""duration"": 1.0}, {""start"": 17.0, ""end"": 18.5, ""duration"": 1.5}, {""start"": 18.5, ""end"": 20.0, ""duration"": 1.5}, {""start"": 20.0, ""end"": 22.0, ""duration"": 2.0}, {""start"": 22.0, ""end"": 23.0, ""duration"": 1.0}, {""start"": 8.5, ""end"": 9.5, ""duration"": 1.0}, {""start"": 9.5, ""end"": 10.5, ""duration"": 1.0}, {""start"": 11.0, ""end"": 12.0, ""duration"": 1.0}, {""start"": 12.0, ""end"": 12.5, ""duration"": 0.5}, {""start"": 15.0, ""end"": 16.5, ""duration"": 1.5}, {""start"": 16.5, ""end"": 17.5, ""duration"": 1.0}, {""start"": 17.5, ""end"": 19.0, ""duration"": 1.5}, {""start"": 19.0, ""end"": 20.0, ""duration"": 1.0}, {""start"": 20.0, ""end"": 22.0, ""duration"": 2.0}, {""start"": 22.0, ""end"": 23.0, ""duration"": 1.0}]"
2026-02-12;Thursday;43.5;34.5;79.31;24;"[{""start"": 8.0, ""end"": 9.0, ""duration"": 1.0}, {""start"": 10.0, ""end"": 11.0, ""duration"": 1.0}, {""start"": 13.0, ""end"": 14.5, ""duration"": 1.5}, {""start"": 14.5, ""end"": 15.5, ""duration"": 1.0}, {""start"": 15.5, ""end"": 16.5, ""duration"": 1.0}, {""start"": 16.5, ""end"": 18.5, ""duration"": 2.0}, {""start"": 18.5, ""end"": 20.5, ""duration"": 2.0}, {""start"": 20.5, ""end"": 22.0, ""duration"": 1.5}, {""start"": 22.0, ""end"": 23.0, ""duration"": 1.0}, {""start"": 9.0, ""end"": 10.5, ""duration"": 1.5}, {""start"": 10.5, ""end"": 11.5, ""duration"": 1.0}, {""start"": 14.5, ""end"": 15.5, ""duration"": 1.0}, {""start"": 15.5, ""end"": 16.5, ""duration"": 1.0}, {""start"": 16.5, ""end"": 18.0, ""duration"": 1.5}, {""start"": 18.0, ""end"": 19.0, ""duration"": 1.0}, {""start"": 19.0, ""end"": 21.0, ""duration"": 2.0}, {""start"": 21.0, ""end"": 23.0, ""duration"": 2.0}, {""start"": 9.0, ""end"": 10.5, ""duration"": 1.5}, {""start"": 10.5, ""end"": 12.0, ""duration"": 1.5}, {""start"": 14.5, ""end"": 16.5, ""duration"": 2.0}, {""start"": 16.5, ""end"": 18.0, ""duration"": 1.5}, {""start"": 18.0, ""end"": 19.5, ""duration"": 1.5}, {""start"": 19.5, ""end"": 21.5, ""duration"": 2.0}, {""start"": 21.5, ""end"": 23.0, ""duration"": 1.5}]"
2026-02-13;Friday;43.5;35.0;80.46;22;"[{""start"": 8.0, ""end"": 9.5, ""duration"": 1.5}, {""start"": 11.0, ""end"": 13.0, ""duration"": 2.0}, {""start"": 14.5, ""end"": 15.5, ""duration"": 1.0}, {""start"": 15.5, ""end"": 17.0, ""duration"": 1.5}, {""start"": 17.0, ""end"": 18.5, ""duration"": 1.5}, {""start"": 18.5, ""end"": 20.0, ""duration"": 1.5}, {""start"": 20.0, ""end"": 23.0, ""duration"": 3.0}, {""start"": 11.5, ""end"": 12.5, ""duration"": 1.0}, {""start"": 12.5, ""end"": 13.5, ""duration"": 1.0}, {""start"": 13.5, ""end"": 14.5, ""duration"": 1.0}, {""start"": 14.5, ""end"": 16.0, ""duration"": 1.5}, {""start"": 16.0, ""end"": 17.5, ""duration"": 1.5}, {""start"": 17.5, ""end"": 18.5, ""duration"": 1.0}, {""start"": 18.5, ""end"": 20.0, ""duration"": 1.5}, {""start"": 20.0, ""end"": 23.0, ""duration"": 3.0}, {""start"": 9.0, ""end"": 10.0, ""duration"": 1.0}, {""start"": 11.5, ""end"": 12.5, ""duration"": 1.0}, {""start"": 13.5, ""end"": 15.5, ""duration"": 2.0}, {""start"": 15.5, ""end"": 17.0, ""duration"": 1.5}, {""start"": 17.0, ""end"": 18.0, ""duration"": 1.0}, {""start"": 18.0, ""end"": 20.0, ""duration"": 2.0}, {""start"": 20.0, ""end"": 23.0, ""duration"": 3.0}]"
2026-02-14;Saturday;37.5;37.5;100.0;30;"[{""start"": 9.0, ""end"": 10.0, ""duration"": 1.0}, {""start"": 10.0, ""end"": 12.0, ""duration"": 2.0}, {""start"": 12.0, ""end"": 13.0, ""duration"": 1.0}, {""start"": 13.0, ""end"": 14.0, ""duration"": 1.0}, {""start"": 14.0, ""end"": 15.0, ""duration"": 1.0}, {""start"": 15.0, ""end"": 16.5, ""duration"": 1.5}, {""start"": 16.5, ""end"": 18.0, ""duration"": 1.5}, {""start"": 18.0, ""end"": 19.0, ""duration"": 1.0}, {""start"": 19.0, ""end"": 20.0, ""duration"": 1.0}, {""start"": 20.0, ""end"": 21.0, ""duration"": 1.0}, {""start"": 21.0, ""end"": 22.0, ""duration"": 1.0}, {""start"": 9.0, ""end"": 10.0, ""duration"": 1.0}, {""start"": 10.0, ""end"": 11.0, ""duration"": 1.0}, {""start"": 11.0, ""end"": 12.5, ""duration"": 1.5}, {""start"": 12.5, ""end"": 14.0, ""duration"": 1.5}, {""start"": 14.0, ""end"": 15.5, ""duration"": 1.5}, {""start"": 15.5, ""end"": 17.0, ""duration"": 1.5}, {""start"": 17.0, ""end"": 18.0, ""duration"": 1.0}, {""start"": 18.0, ""end"": 20.0, ""duration"": 2.0}, {""start"": 20.0, ""end"": 21.0, ""duration"": 1.0}, {""start"": 21.0, ""end"": 22.0, ""duration"": 1.0}, {""start"": 9.0, ""end"": 10.0, ""duration"": 1.0}, {""start"": 10.0, ""end"": 12.0, ""duration"": 2.0}, {""start"": 12.0, ""end"": 13.5, ""duration"": 1.5}, {""start"": 13.5, ""end"": 15.0, ""duration"": 1.5}, {""start"": 15.0, ""end"": 16.0, ""duration"": 1.0}, {""start"": 16.0, ""end"": 17.0, ""duration"": 1.0}, {""start"": 17.0, ""end"": 18.0, ""duration"": 1.0}, {""start"": 18.0, ""end"": 20.0, ""duration"": 2.0}, {""start"": 20.0, ""end"": 22.0, ""duration"": 2.0}]"
2026-02-15;Sunday;37.5;37.5;100.0;26;"[{""start"": 9.0, ""end"": 11.0, ""duration"": 2.0}, {""start"": 11.0, ""end"": 13.0, ""duration"": 2.0}, {""start"": 13.0, ""end"": 14.0, ""duration"": 1.0}, {""start"": 14.0, ""end"": 15.5, ""duration"": 1.5}, {""start"": 15.5, ""end"": 17.0, ""duration"": 1.5}, {""start"": 17.0, ""end"": 19.0, ""duration"": 2.0}, {""start"": 19.0, ""end"": 20.0, ""duration"": 1.0}, {""start"": 20.0, ""end"": 22.0, ""duration"": 2.0}, {""start"": 9.0, ""end"": 10.0, ""duration"": 1.0}, {""start"": 10.0, ""end"": 11.0, ""duration"": 1.0}, {""start"": 11.0, ""end"": 13.0, ""duration"": 2.0}, {""start"": 13.0, ""end"": 14.0, ""duration"": 1.0}, {""start"": 14.0, ""end"": 15.0, ""duration"": 1.0}, {""start"": 15.0, ""end"": 16.0, ""duration"": 1.0}, {""start"": 16.0, ""end"": 17.0, ""duration"": 1.0}, {""start"": 17.0, ""end"": 19.0, ""duration"": 2.0}, {""start"": 19.0, ""end"": 20.0, ""duration"": 1.0}, {""start"": 20.0, ""end"": 22.0, ""duration"": 2.0}, {""start"": 9.0, ""end"": 10.5, ""duration"": 1.5}, {""start"": 10.5, ""end"": 12.5, ""duration"": 2.0}, {""start"": 12.5, ""end"": 14.0, ""duration"": 1.5}, {""start"": 14.0, ""end"": 16.0, ""duration"": 2.0}, {""start"": 16.0, ""end"": 18.0, ""duration"": 2.0}, {""start"": 18.0, ""end"": 19.5, ""duration"": 1.5}, {""start"": 19.5, ""end"": 20.5, ""duration"": 1.0}, {""start"": 20.5, ""end"": 22.0, ""duration"": 1.5}]"
2026-02-16;Monday;43.5;35.5;81.61;27;"[{""start"": 10.0, ""end"": 11.0, ""duration"": 1.0}, {""start"": 11.0, ""end"": 12.5, ""duration"": 1.5}, {""start"": 12.5, ""end"": 13.5, ""duration"": 1.0}, {""start"": 14.5, ""end"": 16.0, ""duration"": 1.5}, {""start"": 16.0, ""end"": 17.5, ""duration"": 1.5}, {""start"": 17.5, ""end"": 19.0, ""duration"": 1.5}, {""start"": 19.0, ""end"": 20.5, ""duration"": 1.5}, {""start"": 20.5, ""end"": 22.0, ""duration"": 1.5}, {""start"": 22.0, ""end"": 23.0, ""duration"": 1.0}, {""start"": 9.0, ""end"": 10.5, ""duration"": 1.5}, {""start"": 10.5, ""end"": 11.5, ""duration"": 1.0}, {""start"": 12.0, ""end"": 13.0, ""duration"": 1.0}, {""start"": 14.0, ""end"": 15.0, ""duration"": 1.0}, {""start"": 15.0, ""end"": 16.0, ""duration"": 1.0}, {""start"": 16.0, ""end"": 17.0, ""duration"": 1.0}, {""start"": 17.0, ""end"": 18.0, ""duration"": 1.0}, {""start"": 18.0, ""end"": 19.0, ""duration"": 1.0}, {""start"": 19.0, ""end"": 21.0, ""duration"": 2.0}, {""start"": 21.0, ""end"": 23.0, ""duration"": 2.0}, {""start"": 10.0, ""end"": 11.0, ""duration"": 1.0}, {""start"": 11.0, ""end"": 12.5, ""duration"": 1.5}, {""start"": 12.5, ""end"": 13.5, ""duration"": 1.0}, {""start"": 15.5, ""end"": 16.5, ""duration"": 1.0}, {""start"": 16.5, ""end"": 18.0, ""duration"": 1.5}, {""start"": 18.0, ""end"": 19.0, ""duration"": 1.0}, {""start"": 19.0, ""end"": 21.0, ""duration"": 2.0}, {""start"": 21.0, ""end"": 23.0, ""duration"": 2.0}]"
2026-02-17;Tuesday;43.5;35.0;80.46;26;"[{""start"": 9.0, ""end"": 11.0, ""duration"": 2.0}, {""start"": 13.5, ""end"": 15.0, ""duration"": 1.5}, {""start"": 15.0, ""end"": 16.0, ""duration"": 1.0}, {""start"": 16.0, ""end"": 17.5, ""duration"": 1.5}, {""start"": 17.5, ""end"": 19.5, ""duration"": 2.0}, {""start"": 19.5, ""end"": 21.0, ""duration"": 1.5}, {""start"": 21.0, ""end"": 22.0, ""duration"": 1.0}, {""start"": 22.0, ""end"": 23.0, ""duration"": 1.0}, {""start"": 8.0, ""end"": 9.5, ""duration"": 1.5}, {""start"": 11.0, ""end"": 12.0, ""duration"": 1.0}, {""start"": 14.5, ""end"": 16.0, ""duration"": 1.5}, {""start"": 16.0, ""end"": 17.0, ""duration"": 1.0}, {""start"": 17.0, ""end"": 18.0, ""duration"": 1.0}, {""start"": 18.0, ""end"": 19.0, ""duration"": 1.0}, {""start"": 19.0, ""end"": 20.0, ""duration"": 1.0}, {""start"": 20.0, ""end"": 22.0, ""duration"": 2.0}, {""start"": 22.0, ""end"": 23.0, ""duration"": 1.0}, {""start"": 8.5, ""end"": 9.5, ""duration"": 1.0}, {""start"": 9.5, ""end"": 11.0, ""duration"": 1.5}, {""start"": 11.0, ""end"": 12.5, ""duration"": 1.5}, {""start"": 14.5, ""end"": 16.5, ""duration"": 2.0}, {""start"": 16.5, ""end"": 18.0, ""duration"": 1.5}, {""start"": 18.0, ""end"": 19.0, ""duration"": 1.0}, {""start"": 19.0, ""end"": 20.0, ""duration"": 1.0}, {""start"": 20.0, ""end"": 21.0, ""duration"": 1.0}, {""start"": 21.0, ""end"": 23.0, ""duration"": 2.0}]"
2026-02-18;Wednesday;43.5;33.0;75.86;23;"[{""start"": 10.5, ""end"": 11.5, ""duration"": 1.0}, {""start"": 13.0, ""end"": 14.0, ""duration"": 1.0}, {""start"": 14.0, ""end"": 15.0, ""duration"": 1.0}, {""start"": 15.0, ""end"": 16.5, ""duration"": 1.5}, {""start"": 16.5, ""end"": 18.0, ""duration"": 1.5}, {""start"": 18.0, ""end"": 20.0, ""duration"": 2.0}, {""start"": 20.0, ""end"": 21.5, ""duration"": 1.5}, {""start"": 21.5, ""end"": 23.0, ""duration"": 1.5}, {""start"": 9.5, ""end"": 11.0, ""duration"": 1.5}, {""start"": 13.0, ""end"": 14.0, ""duration"": 1.0}, {""start"": 14.0, ""end"": 15.0, ""duration"": 1.0}, {""start"": 15.0, ""end"": 16.5, ""duration"": 1.5}, {""start"": 16.5, ""end"": 18.0, ""duration"": 1.5}, {""start"": 18.0, ""end"": 20.0, ""duration"": 2.0}, {""start"": 20.0, ""end"": 21.5, ""duration"": 1.5}, {""start"": 21.5, ""end"": 23.0, ""duration"": 1.5}, {""start"": 11.0, ""end"": 12.5, ""duration"": 1.5}, {""start"": 14.0, ""end"": 15.5, ""duration"": 1.5}, {""start"": 15.5, ""end"": 16.5, ""duration"": 1.0}, {""start"": 16.5, ""end"": 18.0, ""duration"": 1.5}, {""start"": 18.0, ""end"": 20.0, ""duration"": 2.0}, {""start"": 20.0, ""end"": 22.0, ""duration"": 2.0}, {""start"": 22.0, ""end"": 23.0, ""duration"": 1.0}]"
2026-02-19;Thursday;43.5;31.5;72.41;24;"[{""start"": 11.5, ""end"": 12.5, ""duration"": 1.0}, {""start"": 12.5, ""end"": 14.0, ""duration"": 1.5}, {""start"": 15.0, ""end"": 16.0, ""duration"": 1.0}, {""start"": 16.0, ""end"": 17.5, ""duration"": 1.5}, {""start"": 17.5, ""end"": 18.5, ""duration"": 1.0}, {""start"": 18.5, ""end"": 20.5, ""duration"": 2.0}, {""start"": 20.5, ""end"": 22.0, ""duration"": 1.5}, {""start"": 22.0, ""end"": 23.0, ""duration"": 1.0}, {""start"": 9.0, ""end"": 10.0, ""duration"": 1.0}, {""start"": 10.0, ""end"": 11.0, ""duration"": 1.0}, {""start"": 14.0, ""end"": 15.0, ""duration"": 1.0}, {""start"": 15.0, ""end"": 16.0, ""duration"": 1.0}, {""start"": 16.0, ""end"": 17.0, ""duration"": 1.0}, {""start"": 17.0, ""end"": 18.0, ""duration"": 1.0}, {""start"": 18.0, ""end"": 19.0, ""duration"": 1.0}, {""start"": 19.0, ""end"": 21.0, ""duration"": 2.0}, {""start"": 21.0, ""end"": 23.0, ""duration"": 2.0}, {""start"": 9.5, ""end"": 11.5, ""duration"": 2.0}, {""start"": 14.0, ""end"": 15.0, ""duration"": 1.0}, {""start"": 15.0, ""end"": 16.0, ""duration"": 1.0}, {""start"": 16.0, ""end"": 17.0, ""duration"": 1.0}, {""start"": 17.0, ""end"": 19.0, ""duration"": 2.0}, {""start"": 19.0, ""end"": 20.5, ""duration"": 1.5}, {""start"": 20.5, ""end"": 22.0, ""duration"": 1.5}]"
2026-02-20;Friday;43.5;42.5;97.7;28;"[{""start"": 8.0, ""end"": 9.5, ""duration"": 1.5}, {""start"": 9.5, ""end"": 10.5, ""duration"": 1.0}, {""start"": 11.5, ""end"": 13.0, ""duration"": 1.5}, {""start"": 13.0, ""end"": 14.5, ""duration"": 1.5}, {""start"": 14.5, ""end"": 15.5, ""duration"": 1.0}, {""start"": 15.5, ""end"": 16.5, ""duration"": 1.0}, {""start"": 16.5, ""end"": 18.0, ""duration"": 1.5}, {""start"": 18.0, ""end"": 20.0, ""duration"": 2.0}, {""start"": 20.0, ""end"": 23.0, ""duration"": 3.0}, {""start"": 8.0, ""end"": 9.5, ""duration"": 1.5}, {""start"": 9.5, ""end"": 10.5, ""duration"": 1.0}, {""start"": 10.5, ""end"": 12.0, ""duration"": 1.5}, {""start"": 12.0, ""end"": 13.5, ""duration"": 1.5}, {""start"": 13.5, ""end"": 15.0, ""duration"": 1.5}, {""start"": 15.0, ""end"": 16.5, ""duration"": 1.5}, {""start"": 16.5, ""end"": 17.5, ""duration"": 1.0}, {""start"": 17.5, ""end"": 18.5, ""duration"": 1.0}, {""start"": 18.5, ""end"": 20.0, ""duration"": 1.5}, {""start"": 20.0, ""end"": 23.0, ""duration"": 3.0}, {""start"": 8.0, ""end"": 9.5, ""duration"": 1.5}, {""start"": 9.5, ""end"": 10.5, ""duration"": 1.0}, {""start"": 10.5, ""end"": 12.0, ""duration"": 1.5}, {""start"": 13.5, ""end"": 14.5, ""duration"": 1.0}, {""start"": 14.5, ""end"": 16.0, ""duration"": 1.5}, {""start"": 16.0, ""end"": 17.0, ""duration"": 1.0}, {""start"": 17.0, ""end"": 18.5, ""duration"": 1.5}, {""start"": 18.5, ""end"": 20.0, ""duration"": 1.5}, {""start"": 20.0, ""end"": 23.0, ""duration"": 3.0}]"
2026-02-21;Saturday;37.5;37.0;98.67;25;"[{""start"": 10.0, ""end"": 13.0, ""duration"": 3.0}, {""start"": 13.0, ""end"": 14.5, ""duration"": 1.5}, {""start"": 14.5, ""end"": 15.5, ""duration"": 1.0}, {""start"": 15.5, ""end"": 16.5, ""duration"": 1.0}, {""start"": 16.5, ""end"": 18.5, ""duration"": 2.0}, {""start"": 18.5, ""end"": 20.5, ""duration"": 2.0}, {""start"": 20.5, ""end"": 22.0, ""duration"": 1.5}, {""start"": 10.0, ""end"": 12.0, ""duration"": 2.0}, {""start"": 12.0, ""end"": 13.5, ""duration"": 1.5}, {""start"": 13.5, ""end"": 14.5, ""duration"": 1.0}, {""start"": 14.5, ""end"": 16.0, ""duration"": 1.5}, {""start"": 16.0, ""end"": 17.0, ""duration"": 1.0}, {""start"": 17.0, ""end"": 18.0, ""duration"": 1.0}, {""start"": 18.0, ""end"": 19.5, ""duration"": 1.5}, {""start"": 19.5, ""end"": 20.5, ""duration"": 1.0}, {""start"": 20.5, ""end"": 22.0, ""duration"": 1.5}, {""start"": 9.0, ""end"": 10.0, ""duration"": 1.0}, {""start"": 10.0, ""end"": 13.0, ""duration"": 3.0}, {""start"": 13.0, ""end"": 14.0, ""duration"": 1.0}, {""start"": 14.0, ""end"": 15.0, ""duration"": 1.0}, {""start"": 15.0, ""end"": 16.0, ""duration"": 1.0}, {""start"": 16.0, ""end"": 18.0, ""duration"": 2.0}, {""start"": 18.0, ""end"": 19.5, ""duration"": 1.5}, {""start"": 19.5, ""end"": 20.5, ""duration"": 1.0}, {""start"": 20.5, ""end"": 22.0, ""duration"": 1.5}]"
2026-02-22;Sunday;37.5;37.5;100.0;23;"[{""start"": 9.0, ""end"": 11.0, ""duration"": 2.0}, {""start"": 11.0, ""end"": 13.0, ""duration"": 2.0}, {""start"": 13.0, ""end"": 14.5, ""duration"": 1.5}, {""start"": 14.5, ""end"": 17.5, ""duration"": 3.0}, {""start"": 17.5, ""end"": 19.0, ""duration"": 1.5}, {""start"": 19.0, ""end"": 20.0, ""duration"": 1.0}, {""start"": 20.0, ""end"": 22.0, ""duration"": 2.0}, {""start"": 9.0, ""end"": 10.0, ""duration"": 1.0}, {""start"": 10.0, ""end"": 12.0, ""duration"": 2.0}, {""start"": 12.0, ""end"": 13.0, ""duration"": 1.0}, {""start"": 13.0, ""end"": 14.5, ""duration"": 1.5}, {""start"": 14.5, ""end"": 17.5, ""duration"": 3.0}, {""start"": 17.5, ""end"": 19.5, ""duration"": 2.0}, {""start"": 19.5, ""end"": 21.0, ""duration"": 1.5}, {""start"": 21.0, ""end"": 22.0, ""duration"": 1.0}, {""start"": 9.0, ""end"": 10.5, ""duration"": 1.5}, {""start"": 10.5, ""end"": 12.5, ""duration"": 2.0}, {""start"": 12.5, ""end"": 14.5, ""duration"": 2.0}, {""start"": 14.5, ""end"": 17.5, ""duration"": 3.0}, {""start"": 17.5, ""end"": 18.5, ""duration"": 1.0}, {""start"": 18.5, ""end"": 19.5, ""duration"": 1.0}, {""start"": 19.5, ""end"": 20.5, ""duration"": 1.0}, {""start"": 20.5, ""end"": 22.0, ""duration"": 1.5}]"
2026-02-23;Monday;43.5;39.0;89.66;29;"[{""start"": 9.0, ""end"": 10.5, ""duration"": 1.5}, {""start"": 10.5, ""end"": 11.5, ""duration"": 1.0}, {""start"": 13.0, ""end"": 14.5, ""duration"": 1.5}, {""start"": 14.5, ""end"": 15.5, ""duration"": 1.0}, {""start"": 15.5, ""end"": 17.0, ""duration"": 1.5}, {""start"": 17.0, ""end"": 18.5, ""duration"": 1.5}, {""start"": 18.5, ""end"": 20.0, ""duration"": 1.5}, {""start"": 20.0, ""end"": 22.0, ""duration"": 2.0}, {""start"": 22.0, ""end"": 23.0, ""duration"": 1.0}, {""start"": 8.5, ""end"": 10.0, ""duration"": 1.5}, {""start"": 10.0, ""end"": 11.0, ""duration"": 1.0}, {""start"": 11.0, ""end"": 12.5, ""duration"": 1.5}, {""start"": 13.5, ""end"": 14.5, ""duration"": 1.0}, {""start"": 14.5, ""end"": 16.0, ""duration"": 1.5}, {""start"": 16.0, ""end"": 17.0, ""duration"": 1.0}, {""start"": 17.0, ""end"": 18.0, ""duration"": 1.0}, {""start"": 18.0, ""end"": 19.0, ""duration"": 1.0}, {""start"": 19.0, ""end"": 20.0, ""duration"": 1.0}, {""start"": 20.0, ""end"": 22.0, ""duration"": 2.0}, {""start"": 22.0, ""end"": 23.0, ""duration"": 1.0}, {""start"": 10.0, ""end"": 11.5, ""duration"": 1.5}, {""start"": 11.5, ""end"": 13.5, ""duration"": 2.0}, {""start"": 13.5, ""end"": 14.5, ""duration"": 1.0}, {""start"": 14.5, ""end"": 16.0, ""duration"": 1.5}, {""start"": 16.0, ""end"": 17.0, ""duration"": 1.0}, {""start"": 17.0, ""end"": 18.0, ""duration"": 1.0}, {""start"": 18.0, ""end"": 19.0, ""duration"": 1.0}, {""start"": 19.0, ""end"": 21.0, ""duration"": 2.0}, {""start"": 21.0, ""end"": 23.0, ""duration"": 2.0}]"
2026-02-24;Tuesday;43.5;33.0;75.86;21;"[{""start"": 9.0, ""end"": 11.0, ""duration"": 2.0}, {""start"": 12.0, ""end"": 13.5, ""duration"": 1.5}, {""start"": 15.0, ""end"": 16.0, ""duration"": 1.0}, {""start"": 16.0, ""end"": 19.5, ""duration"": 3.5}, {""start"": 19.5, ""end"": 21.0, ""duration"": 1.5}, {""start"": 21.0, ""end"": 22.0, ""duration"": 1.0}, {""start"": 22.0, ""end"": 23.0, ""duration"": 1.0}, {""start"": 8.0, ""end"": 9.0, ""duration"": 1.0}, {""start"": 9.0, ""end"": 10.5, ""duration"": 1.5}, {""start"": 10.5, ""end"": 12.5, ""duration"": 2.0}, {""start"": 16.0, ""end"": 17.0, ""duration"": 1.0}, {""start"": 17.0, ""end"": 18.0, ""duration"": 1.0}, {""start"": 18.0, ""end"": 19.0, ""duration"": 1.0}, {""start"": 19.0, ""end"": 19.5, ""duration"": 0.5}, {""start"": 19.5, ""end"": 21.5, ""duration"": 2.0}, {""start"": 21.5, ""end"": 23.0, ""duration"": 1.5}, {""start"": 9.5, ""end"": 10.5, ""duration"": 1.0}, {""start"": 14.0, ""end"": 16.0, ""duration"": 2.0}, {""start"": 16.0, ""end"": 19.5, ""duration"": 3.5}, {""start"": 19.5, ""end"": 21.0, ""duration"": 1.5}, {""start"": 21.0, ""end"": 23.0, ""duration"": 2.0}]"
2026-02-25;Wednesday;43.5;37.5;86.21;27;"[{""start"": 8.0, ""end"": 9.5, ""duration"": 1.5}, {""start"": 9.5, ""end"": 10.5, ""duration"": 1.0}, {""start"": 10.5, ""end"": 11.5, ""duration"": 1.0}, {""start"": 13.5, ""end"": 15.0, ""duration"": 1.5}, {""start"": 15.0, ""end"": 17.0, ""duration"": 2.0}, {""start"": 17.0, ""end"": 19.0, ""duration"": 2.0}, {""start"": 19.0, ""end"": 21.0, ""duration"": 2.0}, {""start"": 21.0, ""end"": 23.0, ""duration"": 2.0}, {""start"": 8.0, ""end"": 9.0, ""duration"": 1.0}, {""start"": 10.0, ""end"": 11.0, ""duration"": 1.0}, {""start"": 12.0, ""end"": 13.0, ""duration"": 1.0}, {""start"": 14.0, ""end"": 15.5, ""duration"": 1.5}, {""start"": 15.5, ""end"": 16.5, ""duration"": 1.0}, {""start"": 16.5, ""end"": 18.0, ""duration"": 1.5}, {""start"": 18.0, ""end"": 19.0, ""duration"": 1.0}, {""start"": 19.0, ""end"": 21.0, ""duration"": 2.0}, {""start"": 21.0, ""end"": 22.0, ""duration"": 1.0}, {""start"": 22.0, ""end"": 23.0, ""duration"": 1.0}, {""start"": 8.5, ""end"": 10.0, ""duration"": 1.5}, {""start"": 10.0, ""end"": 11.5, ""duration"": 1.5}, {""start"": 11.5, ""end"": 12.5, ""duration"": 1.0}, {""start"": 14.5, ""end"": 16.0, ""duration"": 1.5}, {""start"": 16.0, ""end"": 17.0, ""duration"": 1.0}, {""start"": 17.0, ""end"": 18.5, ""duration"": 1.5}, {""start"": 18.5, ""end"": 20.0, ""duration"": 1.5}, {""start"": 20.0, ""end"": 22.0, ""duration"": 2.0}, {""start"": 22.0, ""end"": 23.0, ""duration"": 1.0}]"
2026-02-26;Thursday;43.5;33.5;77.01;22;"[{""start"": 8.0, ""end"": 10.0, ""duration"": 2.0}, {""start"": 10.0, ""end"": 11.5, ""duration"": 1.5}, {""start"": 11.5, ""end"": 13.0, ""duration"": 1.5}, {""start"": 15.5, ""end"": 17.5, ""duration"": 2.0}, {""start"": 17.5, ""end"": 18.5, ""duration"": 1.0}, {""start"": 18.5, ""end"": 20.5, ""duration"": 2.0}, {""start"": 20.5, ""end"": 22.0, ""duration"": 1.5}, {""start"": 22.0, ""end"": 23.0, ""duration"": 1.0}, {""start"": 13.5, ""end"": 14.5, ""duration"": 1.0}, {""start"": 14.5, ""end"": 16.0, ""duration"": 1.5}, {""start"": 16.0, ""end"": 18.0, ""duration"": 2.0}, {""start"": 18.0, ""end"": 19.0, ""duration"": 1.0}, {""start"": 19.0, ""end"": 21.0, ""duration"": 2.0}, {""start"": 21.0, ""end"": 23.0, ""duration"": 2.0}, {""start"": 8.5, ""end"": 10.0, ""duration"": 1.5}, {""start"": 11.0, ""end"": 12.0, ""duration"": 1.0}, {""start"": 12.0, ""end"": 13.0, ""duration"": 1.0}, {""start"": 15.0, ""end"": 16.5, ""duration"": 1.5}, {""start"": 16.5, ""end"": 18.0, ""duration"": 1.5}, {""start"": 18.0, ""end"": 19.5, ""duration"": 1.5}, {""start"": 19.5, ""end"": 21.0, ""duration"": 1.5}, {""start"": 21.0, ""end"": 23.0, ""duration"": 2.0}]"
2026-02-27;Friday;43.5;35.5;81.61;22;"[{""start"": 10.5, ""end"": 12.0, ""duration"": 1.5}, {""start"": 12.0, ""end"": 14.0, ""duration"": 2.0}, {""start"": 14.0, ""end"": 15.0, ""duration"": 1.0}, {""start"": 15.0, ""end"": 17.0, ""duration"": 2.0}, {""start"": 17.0, ""end"": 19.0, ""duration"": 2.0}, {""start"": 19.0, ""end"": 20.0, ""duration"": 1.0}, {""start"": 20.0, ""end"": 23.0, ""duration"": 3.0}, {""start"": 10.0, ""end"": 11.5, ""duration"": 1.5}, {""start"": 13.0, ""end"": 14.0, ""duration"": 1.0}, {""start"": 14.0, ""end"": 15.0, ""duration"": 1.0}, {""start"": 15.0, ""end"": 16.0, ""duration"": 1.0}, {""start"": 16.0, ""end"": 17.5, ""duration"": 1.5}, {""start"": 17.5, ""end"": 18.5, ""duration"": 1.0}, {""start"": 18.5, ""end"": 20.0, ""duration"": 1.5}, {""start"": 20.0, ""end"": 23.0, ""duration"": 3.0}, {""start"": 11.5, ""end"": 13.0, ""duration"": 1.5}, {""start"": 13.0, ""end"": 14.0, ""duration"": 1.0}, {""start"": 14.0, ""end"": 16.0, ""duration"": 2.0}, {""start"": 16.0, ""end"": 17.5, ""duration"": 1.5}, {""start"": 17.5, ""end"": 18.5, ""duration"": 1.0}, {""start"": 18.5, ""end"": 20.0, ""duration"": 1.5}, {""start"": 20.0, ""end"": 23.0, ""duration"": 3.0}]"
2026-02-28;Saturday;37.5;37.5;100.0;29;"[{""start"": 9.0, ""end"": 10.0, ""duration"": 1.0}, {""start"": 10.0, ""end"": 11.5, ""duration"": 1.5}, {""start"": 11.5, ""end"": 12.5, ""duration"": 1.0}, {""start"": 12.5, ""end"": 14.5, ""duration"": 2.0}, {""start"": 14.5, ""end"": 15.5, ""duration"": 1.0}, {""start"": 15.5, ""end"": 17.0, ""duration"": 1.5}, {""start"": 17.0, ""end"": 18.5, ""duration"": 1.5}, {""start"": 18.5, ""end"": 19.5, ""duration"": 1.0}, {""start"": 19.5, ""end"": 21.0, ""duration"": 1.5}, {""start"": 21.0, ""end"": 22.0, ""duration"": 1.0}, {""start"": 9.0, ""end"": 10.0, ""duration"": 1.0}, {""start"": 10.0, ""end"": 12.0, ""duration"": 2.0}, {""start"": 12.0, ""end"": 13.5, ""duration"": 1.5}, {""start"": 13.5, ""end"": 15.0, ""duration"": 1.5}, {""start"": 15.0, ""end"": 16.0, ""duration"": 1.0}, {""start"": 16.0, ""end"": 17.0, ""duration"": 1.0}, {""start"": 17.0, ""end"": 18.0, ""duration"": 1.0}, {""start"": 18.0, ""end"": 19.0, ""duration"": 1.0}, {""start"": 19.0, ""end"": 20.0, ""duration"": 1.0}, {""start"": 20.0, ""end"": 22.0, ""duration"": 2.0}, {""start"": 9.0, ""end"": 10.0, ""duration"": 1.0}, {""start"": 10.0, ""end"": 11.5, ""duration"": 1.5}, {""start"": 11.5, ""end"": 12.5, ""duration"": 1.0}, {""start"": 12.5, ""end"": 14.5, ""duration"": 2.0}, {""start"": 14.5, ""end"": 15.5, ""duration"": 1.0}, {""start"": 15.5, ""end"": 17.0, ""duration"": 1.5}, {""start"": 17.0, ""end"": 19.0, ""duration"": 2.0}, {""start"": 19.0, ""end"": 20.5, ""duration"": 1.5}, {""start"": 20.5, ""end"": 22.0, ""duration"": 1.5}]"
2026-03-01;Sunday;37.5;37.5;100.0;29;"[{""start"": 9.0, ""end"": 10.0, ""duration"": 1.0}, {""start"": 10.0, ""end"": 11.0, ""duration"": 1.0}, {""start"": 11.0, ""end"": 13.0, ""duration"": 2.0}, {""start"": 13.0, ""end"": 14.0, ""duration"": 1.0}, {""start"": 14.0, ""end"": 15.5, ""duration"": 1.5}, {""start"": 15.5, ""end"": 17.0, ""duration"": 1.5}, {""start"": 17.0, ""end"": 18.0, ""duration"": 1.0}, {""start"": 18.0, ""end"": 19.5, ""duration"": 1.5}, {""start"": 19.5, ""end"": 21.0, ""duration"": 1.5}, {""start"": 21.0, ""end"": 22.0, ""duration"": 1.0}, {""start"": 9.0, ""end"": 10.0, ""duration"": 1.0}, {""start"": 10.0, ""end"": 11.5, ""duration"": 1.5}, {""start"": 11.5, ""end"": 13.0, ""duration"": 1.5}, {""start"": 13.0, ""end"": 14.0, ""duration"": 1.0}, {""start"": 14.0, ""end"": 15.0, ""duration"": 1.0}, {""start"": 15.0, ""end"": 16.0, ""duration"": 1.0}, {""start"": 16.0, ""end"": 17.5, ""duration"": 1.5}, {""start"": 17.5, ""end"": 19.0, ""duration"": 1.5}, {""start"": 19.0, ""end"": 20.5, ""duration"": 1.5}, {""start"": 20.5, ""end"": 22.0, ""duration"": 1.5}, {""start"": 9.0, ""end"": 10.0, ""duration"": 1.0}, {""start"": 10.0, ""end"": 11.0, ""duration"": 1.0}, {""start"": 11.0, ""end"": 12.5, ""duration"": 1.5}, {""start"": 12.5, ""end"": 14.0, ""duration"": 1.5}, {""start"": 14.5, ""end"": 16.0, ""duration"": 1.5}, {""start"": 16.0, ""end"": 17.5, ""duration"": 1.5}, {""start"": 17.5, ""end"": 18.5, ""duration"": 1.0}, {""start"": 18.5, ""end"": 20.0, ""duration"": 1.5}, {""start"": 20.0, ""end"": 22.0, ""duration"": 2.0}]"
2026-03-02;Monday;43.5;32.0;73.56;21;"[{""start"": 9.0, ""end"": 11.0, ""duration"": 2.0}, {""start"": 13.5, ""end"": 15.5, ""duration"": 2.0}, {""start"": 17.5, ""end"": 18.5, ""duration"": 1.0}, {""start"": 18.5, ""end"": 20.0, ""duration"": 1.5}, {""start"": 20.0, ""end"": 21.5, ""duration"": 1.5}, {""start"": 21.5, ""end"": 23.0, ""duration"": 1.5}, {""start"": 9.0, ""end"": 11.0, ""duration"": 2.0}, {""start"": 12.0, ""end"": 13.5, ""duration"": 1.5}, {""start"": 15.0, ""end"": 16.0, ""duration"": 1.0}, {""start"": 16.0, ""end"": 17.0, ""duration"": 1.0}, {""start"": 17.0, ""end"": 18.0, ""duration"": 1.0}, {""start"": 18.0, ""end"": 19.0, ""duration"": 1.0}, {""start"": 19.0, ""end"": 21.0, ""duration"": 2.0}, {""start"": 21.0, ""end"": 23.0, ""duration"": 2.0}, {""start"": 9.0, ""end"": 11.0, ""duration"": 2.0}, {""start"": 11.0, ""end"": 12.0, ""duration"": 1.0}, {""start"": 15.0, ""end"": 16.0, ""duration"": 1.0}, {""start"": 16.0, ""end"": 17.0, ""duration"": 1.0}, {""start"": 17.0, ""end"": 19.0, ""duration"": 2.0}, {""start"": 19.0, ""end"": 21.0, ""duration"": 2.0}, {""start"": 21.0, ""end"": 23.0, ""duration"": 2.0}]"
2026-03-03;Tuesday;43.5;35.5;81.61;26;"[{""start"": 10.0, ""end"": 11.0, ""duration"": 1.0}, {""start"": 11.0, ""end"": 12.0, ""duration"": 1.0}, {""start"": 13.5, ""end"": 15.0, ""duration"": 1.5}, {""start"": 16.0, ""end"": 17.5, ""duration"": 1.5}, {""start"": 17.5, ""end"": 19.5, ""duration"": 2.0}, {""start"": 19.5, ""end"": 21.5, ""duration"": 2.0}, {""start"": 21.5, ""end"": 23.0, ""duration"": 1.5}, {""start"": 8.5, ""end"": 10.0, ""duration"": 1.5}, {""start"": 11.5, ""end"": 12.5, ""duration"": 1.0}, {""start"": 12.5, ""end"": 14.0, ""duration"": 1.5}, {""start"": 14.0, ""end"": 15.0, ""duration"": 1.0}, {""start"": 15.0, ""end"": 16.0, ""duration"": 1.0}, {""start"": 16.0, ""end"": 17.0, ""duration"": 1.0}, {""start"": 17.0, ""end"": 18.0, ""duration"": 1.0}, {""start"": 18.0, ""end"": 19.0, ""duration"": 1.0}, {""start"": 19.0, ""end"": 20.5, ""duration"": 1.5}, {""start"": 20.5, ""end"": 22.0, ""duration"": 1.5}, {""start"": 22.0, ""end"": 23.0, ""duration"": 1.0}, {""start"": 8.5, ""end"": 10.0, ""duration"": 1.5}, {""start"": 11.0, ""end"": 12.5, ""duration"": 1.5}, {""start"": 13.5, ""end"": 15.5, ""duration"": 2.0}, {""start"": 16.0, ""end"": 17.0, ""duration"": 1.0}, {""start"": 17.0, ""end"": 18.5, ""duration"": 1.5}, {""start"": 18.5, ""end"": 20.0, ""duration"": 1.5}, {""start"": 20.0, ""end"": 21.0, ""duration"": 1.0}, {""start"": 21.0, ""end"": 23.0, ""duration"": 2.0}]"
2026-03-04;Wednesday;43.5;38.0;87.36;29;"[{""start"": 9.5, ""end"": 11.5, ""duration"": 2.0}, {""start"": 12.5, ""end"": 13.5, ""duration"": 1.0}, {""start"": 14.5, ""end"": 16.0, ""duration"": 1.5}, {""start"": 16.0, ""end"": 17.0, ""duration"": 1.0}, {""start"": 17.0, ""end"": 19.0, ""duration"": 2.0}, {""start"": 19.0, ""end"": 20.5, ""duration"": 1.5}, {""start"": 20.5, ""end"": 22.0, ""duration"": 1.5}, {""start"": 22.0, ""end"": 23.0, ""duration"": 1.0}, {""start"": 9.0, ""end"": 10.0, ""duration"": 1.0}, {""start"": 10.0, ""end"": 12.0, ""duration"": 2.0}, {""start"": 12.0, ""end"": 14.0, ""duration"": 2.0}, {""start"": 14.0, ""end"": 15.0, ""duration"": 1.0}, {""start"": 15.0, ""end"": 16.0, ""duration"": 1.0}, {""start"": 16.0, ""end"": 16.5, ""duration"": 0.5}, {""start"": 16.5, ""end"": 17.5, ""duration"": 1.0}, {""start"": 17.5, ""end"": 19.5, ""duration"": 2.0}, {""start"": 19.5, ""end"": 21.0, ""duration"": 1.5}, {""start"": 21.0, ""end"": 23.0, ""duration"": 2.0}, {""start"": 8.5, ""end"": 10.0, ""duration"": 1.5}, {""start"": 10.0, ""end"": 11.0, ""duration"": 1.0}, {""start"": 11.0, ""end"": 12.0, ""duration"": 1.0}, {""start"": 12.0, ""end"": 12.5, ""duration"": 0.5}, {""start"": 14.5, ""end"": 16.0, ""duration"": 1.5}, {""start"": 16.0, ""end"": 16.5, ""duration"": 0.5}, {""start"": 16.5, ""end"": 17.5, ""duration"": 1.0}, {""start"": 17.5, ""end"": 19.0, ""duration"": 1.5}, {""start"": 19.0, ""end"": 20.0, ""duration"": 1.0}, {""start"": 20.0, ""end"": 22.0, ""duration"": 2.0}, {""start"": 22.0, ""end"": 23.0, ""duration"": 1.0}]"
2026-03-05;Thursday;43.5;30.5;70.11;21;"[{""start"": 8.5, ""end"": 10.0, ""duration"": 1.5}, {""start"": 12.0, ""end"": 13.0, ""duration"": 1.0}, {""start"": 16.0, ""end"": 17.0, ""duration"": 1.0}, {""start"": 17.0, ""end"": 18.5, ""duration"": 1.5}, {""start"": 18.5, ""end"": 20.5, ""duration"": 2.0}, {""start"": 20.5, ""end"": 22.0, ""duration"": 1.5}, {""start"": 22.0, ""end"": 23.0, ""duration"": 1.0}, {""start"": 10.0, ""end"": 11.5, ""duration"": 1.5}, {""start"": 13.5, ""end"": 14.5, ""duration"": 1.0}, {""start"": 14.5, ""end"": 15.5, ""duration"": 1.0}, {""start"": 15.5, ""end"": 16.5, ""duration"": 1.0}, {""start"": 16.5, ""end"": 18.0, ""duration"": 1.5}, {""start"": 18.0, ""end"": 19.0, ""duration"": 1.0}, {""start"": 19.0, ""end"": 21.0, ""duration"": 2.0}, {""start"": 21.0, ""end"": 23.0, ""duration"": 2.0}, {""start"": 8.5, ""end"": 10.0, ""duration"": 1.5}, {""start"": 11.0, ""end"": 12.5, ""duration"": 1.5}, {""start"": 16.0, ""end"": 17.5, ""duration"": 1.5}, {""start"": 17.5, ""end"": 19.0, ""duration"": 1.5}, {""start"": 19.0, ""end"": 21.0, ""duration"": 2.0}, {""start"": 21.0, ""end"": 23.0, ""duration"": 2.0}]"
2026-03-06;Friday;43.5;41.0;94.25;30;"[{""start"": 8.0, ""end"": 9.0, ""duration"": 1.0}, {""start"": 9.0, ""end"": 10.0, ""duration"": 1.0}, {""start"": 10.0, ""end"": 11.0, ""duration"": 1.0}, {""start"": 12.5, ""end"": 13.5, ""duration"": 1.0}, {""start"": 13.5, ""end"": 15.0, ""duration"": 1.5}, {""start"": 15.0, ""end"": 16.0, ""duration"": 1.0}, {""start"": 16.0, ""end"": 18.0, ""duration"": 2.0}, {""start"": 18.0, ""end"": 20.0, ""duration"": 2.0}, {""start"": 20.0, ""end"": 23.0, ""duration"": 3.0}, {""start"": 8.0, ""end"": 9.5, ""duration"": 1.5}, {""start"": 9.5, ""end"": 10.5, ""duration"": 1.0}, {""start"": 12.0, ""end"": 13.5, ""duration"": 1.5}, {""start"": 13.5, ""end"": 14.5, ""duration"": 1.0}, {""start"": 14.5, ""end"": 16.0, ""duration"": 1.5}, {""start"": 16.0, ""end"": 17.0, ""duration"": 1.0}, {""start"": 17.0, ""end"": 18.0, ""duration"": 1.0}, {""start"": 18.0, ""end"": 18.5, ""duration"": 0.5}, {""start"": 18.5, ""end"": 20.0, ""duration"": 1.5}, {""start"": 20.0, ""end"": 23.0, ""duration"": 3.0}, {""start"": 8.5, ""end"": 9.5, ""duration"": 1.0}, {""start"": 9.5, ""end"": 10.5, ""duration"": 1.0}, {""start"": 10.5, ""end"": 12.0, ""duration"": 1.5}, {""start"": 12.0, ""end"": 13.5, ""duration"": 1.5}, {""start"": 13.5, ""end"": 15.0, ""duration"": 1.5}, {""start"": 15.5, ""end"": 16.0, ""duration"": 0.5}, {""start"": 16.0, ""end"": 17.0, ""duration"": 1.0}, {""start"": 17.0, ""end"": 18.0, ""duration"": 1.0}, {""start"": 18.0, ""end"": 19.0, ""duration"": 1.0}, {""start"": 19.0, ""end"": 20.0, ""duration"": 1.0}, {""start"": 20.0, ""end"": 23.0, ""duration"": 3.0}]"
2026-03-07;Saturday;37.5;37.5;100.0;25;"[{""start"": 9.0, ""end"": 10.0, ""duration"": 1.0}, {""start"": 10.0, ""end"": 13.0, ""duration"": 3.0}, {""start"": 13.0, ""end"": 15.0, ""duration"": 2.0}, {""start"": 15.0, ""end"": 17.0, ""duration"": 2.0}, {""start"": 17.0, ""end"": 18.0, ""duration"": 1.0}, {""start"": 18.0, ""end"": 19.0, ""duration"": 1.0}, {""start"": 19.0, ""end"": 21.0, ""duration"": 2.0}, {""start"": 21.0, ""end"": 22.0, ""duration"": 1.0}, {""start"": 9.0, ""end"": 10.0, ""duration"": 1.0}, {""start"": 10.0, ""end"": 13.0, ""duration"": 3.0}, {""start"": 13.0, ""end"": 15.0, ""duration"": 2.0}, {""start"": 15.0, ""end"": 17.0, ""duration"": 2.0}, {""start"": 17.0, ""end"": 18.0, ""duration"": 1.0}, {""start"": 18.0, ""end"": 19.0, ""duration"": 1.0}, {""start"": 19.0, ""end"": 20.0, ""duration"": 1.0}, {""start"": 20.0, ""end"": 22.0, ""duration"": 2.0}, {""start"": 9.0, ""end"": 10.0, ""duration"": 1.0}, {""start"": 10.0, ""end"": 13.0, ""duration"": 3.0}, {""start"": 13.0, ""end"": 14.5, ""duration"": 1.5}, {""start"": 14.5, ""end"": 15.5, ""duration"": 1.0}, {""start"": 15.5, ""end"": 17.0, ""duration"": 1.5}, {""start"": 17.0, ""end"": 18.0, ""duration"": 1.0}, {""start"": 18.0, ""end"": 19.0, ""duration"": 1.0}, {""start"": 19.0, ""end"": 20.5, ""duration"": 1.5}, {""start"": 20.5, ""end"": 22.0, ""duration"": 1.5}]"
2026-03-08;Sunday;37.5;37.5;100.0;26;"[{""start"": 9.0, ""end"": 10.0, ""duration"": 1.0}, {""start"": 10.0, ""end"": 11.0, ""duration"": 1.0}, {""start"": 11.0, ""end"": 13.0, ""duration"": 2.0}, {""start"": 13.0, ""end"": 15.0, ""duration"": 2.0}, {""start"": 15.0, ""end"": 17.0, ""duration"": 2.0}, {""start"": 17.0, ""end"": 18.5, ""duration"": 1.5}, {""start"": 18.5, ""end"": 19.5, ""duration"": 1.0}, {""start"": 19.5, ""end"": 20.5, ""duration"": 1.0}, {""start"": 20.5, ""end"": 22.0, ""duration"": 1.5}, {""start"": 9.0, ""end"": 10.5, ""duration"": 1.5}, {""start"": 10.5, ""end"": 11.5, ""duration"": 1.0}, {""start"": 11.5, ""end"": 13.0, ""duration"": 1.5}, {""start"": 13.0, ""end"": 14.5, ""duration"": 1.5}, {""start"": 14.5, ""end"": 16.0, ""duration"": 1.5}, {""start"": 16.0, ""end"": 17.0, ""duration"": 1.0}, {""start"": 17.0, ""end"": 18.5, ""duration"": 1.5}, {""start"": 18.5, ""end"": 20.5, ""duration"": 2.0}, {""start"": 20.5, ""end"": 22.0, ""duration"": 1.5}, {""start"": 9.0, ""end"": 10.5, ""duration"": 1.5}, {""start"": 10.5, ""end"": 12.5, ""duration"": 2.0}, {""start"": 12.5, ""end"": 14.0, ""duration"": 1.5}, {""start"": 14.0, ""end"": 15.5, ""duration"": 1.5}, {""start"": 15.5, ""end"": 17.0, ""duration"": 1.5}, {""start"": 17.0, ""end"": 18.5, ""duration"": 1.5}, {""start"": 18.5, ""end"": 20.0, ""duration"": 1.5}, {""start"": 20.0, ""end"": 22.0, ""duration"": 2.0}]"
2026-03-09;Monday;43.5;36.5;83.91;24;"[{""start"": 8.0, ""end"": 10.0, ""duration"": 2.0}, {""start"": 10.0, ""end"": 11.0, ""duration"": 1.0}, {""start"": 12.5, ""end"": 13.5, ""duration"": 1.0}, {""start"": 13.5, ""end"": 15.0, ""duration"": 1.5}, {""start"": 15.0, ""end"": 16.0, ""duration"": 1.0}, {""start"": 16.0, ""end"": 17.0, ""duration"": 1.0}, {""start"": 17.0, ""end"": 18.5, ""duration"": 1.5}, {""start"": 18.5, ""end"": 20.0, ""duration"": 1.5}, {""start"": 20.0, ""end"": 23.0, ""duration"": 3.0}, {""start"": 13.0, ""end"": 14.0, ""duration"": 1.0}, {""start"": 14.0, ""end"": 15.0, ""duration"": 1.0}, {""start"": 15.0, ""end"": 16.0, ""duration"": 1.0}, {""start"": 16.0, ""end"": 17.0, ""duration"": 1.0}, {""start"": 17.0, ""end"": 18.0, ""duration"": 1.0}, {""start"": 18.0, ""end"": 19.0, ""duration"": 1.0}, {""start"": 19.0, ""end"": 20.0, ""duration"": 1.0}, {""start"": 20.0, ""end"": 23.0, ""duration"": 3.0}, {""start"": 8.5, ""end"": 10.0, ""duration"": 1.5}, {""start"": 11.5, ""end"": 13.0, ""duration"": 1.5}, {""start"": 13.0, ""end"": 15.0, ""duration"": 2.0}, {""start"": 15.0, ""end"": 16.0, ""duration"": 1.0}, {""start"": 16.0, ""end"": 18.0, ""duration"": 2.0}, {""start"": 18.0, ""end"": 20.0, ""duration"": 2.0}, {""start"": 20.0, ""end"": 23.0, ""duration"": 3.0}]"
2026-03-10;Tuesday;43.5;32.5;74.71;23;"[{""start"": 9.0, ""end"": 10.5, ""duration"": 1.5}, {""start"": 13.5, ""end"": 15.0, ""duration"": 1.5}, {""start"": 16.0, ""end"": 17.5, ""duration"": 1.5}, {""start"": 17.5, ""end"": 18.5, ""duration"": 1.0}, {""start"": 18.5, ""end"": 19.5, ""duration"": 1.0}, {""start"": 19.5, ""end"": 21.5, ""duration"": 2.0}, {""start"": 19.5, ""end"": 21.5, ""duration"": 2.0}, {""start"": 21.5, ""end"": 23.0, ""duration"": 1.5}, {""start"": 8.0, ""end"": 9.0, ""duration"": 1.0}, {""start"": 10.0, ""end"": 12.0, ""duration"": 2.0}, {""start"": 15.0, ""end"": 16.0, ""duration"": 1.0}, {""start"": 16.0, ""end"": 17.0, ""duration"": 1.0}, {""start"": 17.0, ""end"": 18.0, ""duration"": 1.0}, {""start"": 18.0, ""end"": 19.0, ""duration"": 1.0}, {""start"": 19.0, ""end"": 21.0, ""duration"": 2.0}, {""start"": 21.0, ""end"": 23.0, ""duration"": 2.0}, {""start"": 8.5, ""end"": 10.0, ""duration"": 1.5}, {""start"": 15.0, ""end"": 16.0, ""duration"": 1.0}, {""start"": 16.0, ""end"": 17.0, ""duration"": 1.0}, {""start"": 17.0, ""end"": 19.0, ""duration"": 2.0}, {""start"": 19.0, ""end"": 20.0, ""duration"": 1.0}, {""start"": 20.0, ""end"": 21.0, ""duration"": 1.0}, {""start"": 21.0, ""end"": 23.0, ""duration"": 2.0}]"
2026-03-11;Wednesday;43.5;28.5;65.52;19;"[{""start"": 14.5, ""end"": 16.5, ""duration"": 2.0}, {""start"": 16.5, ""end"": 18.5, ""duration"": 2.0}, {""start"": 18.5, ""end"": 20.5, ""duration"": 2.0}, {""start"": 20.5, ""end"": 22.0, ""duration"": 1.5}, {""start"": 22.0, ""end"": 23.0, ""duration"": 1.0}, {""start"": 11.5, ""end"": 12.5, ""duration"": 1.0}, {""start"": 14.5, ""end"": 15.5, ""duration"": 1.0}, {""start"": 15.5, ""end"": 16.5, ""duration"": 1.0}, {""start"": 16.5, ""end"": 18.5, ""duration"": 2.0}, {""start"": 18.5, ""end"": 20.0, ""duration"": 1.5}, {""start"": 20.0, ""end"": 21.5, ""duration"": 1.5}, {""start"": 21.5, ""end"": 23.0, ""duration"": 1.5}, {""start"": 10.5, ""end"": 11.5, ""duration"": 1.0}, {""start"": 13.5, ""end"": 15.0, ""duration"": 1.5}, {""start"": 15.0, ""end"": 16.5, ""duration"": 1.5}, {""start"": 16.5, ""end"": 18.5, ""duration"": 2.0}, {""start"": 18.5, ""end"": 20.0, ""duration"": 1.5}, {""start"": 20.0, ""end"": 22.0, ""duration"": 2.0}, {""start"": 22.0, ""end"": 23.0, ""duration"": 1.0}]"
2026-03-12;Thursday;43.5;32.5;74.71;22;"[{""start"": 8.5, ""end"": 10.0, ""duration"": 1.5}, {""start"": 10.0, ""end"": 11.0, ""duration"": 1.0}, {""start"": 15.5, ""end"": 17.0, ""duration"": 1.5}, {""start"": 17.0, ""end"": 18.5, ""duration"": 1.5}, {""start"": 18.5, ""end"": 20.5, ""duration"": 2.0}, {""start"": 20.5, ""end"": 22.0, ""duration"": 1.5}, {""start"": 22.0, ""end"": 23.0, ""duration"": 1.0}, {""start"": 8.0, ""end"": 10.0, ""duration"": 2.0}, {""start"": 11.0, ""end"": 12.0, ""duration"": 1.0}, {""start"": 15.5, ""end"": 16.5, ""duration"": 1.0}, {""start"": 16.5, ""end"": 18.0, ""duration"": 1.5}, {""start"": 18.0, ""end"": 19.0, ""duration"": 1.0}, {""start"": 19.0, ""end"": 21.0, ""duration"": 2.0}, {""start"": 21.0, ""end"": 23.0, ""duration"": 2.0}, {""start"": 8.5, ""end"": 10.0, ""duration"": 1.5}, {""start"": 10.0, ""end"": 11.5, ""duration"": 1.5}, {""start"": 14.0, ""end"": 15.0, ""duration"": 1.0}, {""start"": 15.0, ""end"": 16.5, ""duration"": 1.5}, {""start"": 16.5, ""end"": 18.0, ""duration"": 1.5}, {""start"": 18.0, ""end"": 19.0, ""duration"": 1.0}, {""start"": 19.0, ""end"": 21.0, ""duration"": 2.0}, {""start"": 21.0, ""end"": 23.0, ""duration"": 2.0}]"
2026-03-13;Friday;43.5;40.5;93.1;27;"[{""start"": 8.0, ""end"": 9.5, ""duration"": 1.5}, {""start"": 10.5, ""end"": 11.5, ""duration"": 1.0}, {""start"": 11.5, ""end"": 12.5, ""duration"": 1.0}, {""start"": 14.0, ""end"": 15.5, ""duration"": 1.5}, {""start"": 15.5, ""end"": 16.5, ""duration"": 1.0}, {""start"": 16.5, ""end"": 17.5, ""duration"": 1.0}, {""start"": 17.5, ""end"": 18.5, ""duration"": 1.0}, {""start"": 18.5, ""end"": 20.0, ""duration"": 1.5}, {""start"": 20.0, ""end"": 23.0, ""duration"": 3.0}, {""start"": 8.0, ""end"": 9.5, ""duration"": 1.5}, {""start"": 9.5, ""end"": 10.5, ""duration"": 1.0}, {""start"": 10.5, ""end"": 11.5, ""duration"": 1.0}, {""start"": 11.5, ""end"": 13.0, ""duration"": 1.5}, {""start"": 13.0, ""end"": 14.0, ""duration"": 1.0}, {""start"": 14.0, ""end"": 15.5, ""duration"": 1.5}, {""start"": 15.5, ""end"": 16.5, ""duration"": 1.0}, {""start"": 16.5, ""end"": 17.5, ""duration"": 1.0}, {""start"": 17.5, ""end"": 18.5, ""duration"": 1.0}, {""start"": 18.5, ""end"": 20.0, ""duration"": 1.5}, {""start"": 20.0, ""end"": 23.0, ""duration"": 3.0}, {""start"": 8.5, ""end"": 9.5, ""duration"": 1.0}, {""start"": 10.0, ""end"": 12.0, ""duration"": 2.0}, {""start"": 13.0, ""end"": 14.0, ""duration"": 1.0}, {""start"": 14.0, ""end"": 16.0, ""duration"": 2.0}, {""start"": 16.0, ""end"": 18.0, ""duration"": 2.0}, {""start"": 18.0, ""end"": 20.0, ""duration"": 2.0}, {""start"": 20.0, ""end"": 23.0, ""duration"": 3.0}]"
2026-03-14;Saturday;37.5;37.5;100.0;28;"[{""start"": 9.0, ""end"": 10.5, ""duration"": 1.5}, {""start"": 10.5, ""end"": 12.0, ""duration"": 1.5}, {""start"": 12.0, ""end"": 13.0, ""duration"": 1.0}, {""start"": 13.0, ""end"": 14.0, ""duration"": 1.0}, {""start"": 14.0, ""end"": 15.0, ""duration"": 1.0}, {""start"": 15.0, ""end"": 17.0, ""duration"": 2.0}, {""start"": 17.0, ""end"": 18.5, ""duration"": 1.5}, {""start"": 18.5, ""end"": 19.5, ""duration"": 1.0}, {""start"": 19.5, ""end"": 21.0, ""duration"": 1.5}, {""start"": 21.0, ""end"": 22.0, ""duration"": 1.0}, {""start"": 9.0, ""end"": 10.0, ""duration"": 1.0}, {""start"": 10.0, ""end"": 12.0, ""duration"": 2.0}, {""start"": 12.0, ""end"": 14.0, ""duration"": 2.0}, {""start"": 14.0, ""end"": 16.0, ""duration"": 2.0}, {""start"": 16.0, ""end"": 17.0, ""duration"": 1.0}, {""start"": 17.0, ""end"": 18.5, ""duration"": 1.5}, {""start"": 18.5, ""end"": 20.5, ""duration"": 2.0}, {""start"": 20.5, ""end"": 22.0, ""duration"": 1.5}, {""start"": 9.0, ""end"": 10.0, ""duration"": 1.0}, {""start"": 10.0, ""end"": 11.0, ""duration"": 1.0}, {""start"": 11.0, ""end"": 12.0, ""duration"": 1.0}, {""start"": 12.0, ""end"": 13.5, ""duration"": 1.5}, {""start"": 13.5, ""end"": 15.0, ""duration"": 1.5}, {""start"": 15.0, ""end"": 16.0, ""duration"": 1.0}, {""start"": 16.0, ""end"": 17.0, ""duration"": 1.0}, {""start"": 17.0, ""end"": 18.5, ""duration"": 1.5}, {""start"": 18.5, ""end"": 20.5, ""duration"": 2.0}, {""start"": 20.5, ""end"": 22.0, ""duration"": 1.5}]"
2026-03-15;Sunday;37.5;37.5;100.0;28;"[{""start"": 9.0, ""end"": 10.0, ""duration"": 1.0}, {""start"": 10.0, ""end"": 11.0, ""duration"": 1.0}, {""start"": 11.0, ""end"": 13.0, ""duration"": 2.0}, {""start"": 13.0, ""end"": 15.0, ""duration"": 2.0}, {""start"": 15.0, ""end"": 16.5, ""duration"": 1.5}, {""start"": 16.5, ""end"": 18.0, ""duration"": 1.5}, {""start"": 18.0, ""end"": 19.0, ""duration"": 1.0}, {""start"": 19.0, ""end"": 20.0, ""duration"": 1.0}, {""start"": 20.0, ""end"": 22.0, ""duration"": 2.0}, {""start"": 9.0, ""end"": 10.0, ""duration"": 1.0}, {""start"": 10.0, ""end"": 11.0, ""duration"": 1.0}, {""start"": 11.0, ""end"": 12.5, ""duration"": 1.5}, {""start"": 12.5, ""end"": 14.0, ""duration"": 1.5}, {""start"": 14.0, ""end"": 15.0, ""duration"": 1.0}, {""start"": 15.0, ""end"": 16.0, ""duration"": 1.0}, {""start"": 16.0, ""end"": 17.5, ""duration"": 1.5}, {""start"": 17.5, ""end"": 18.5, ""duration"": 1.0}, {""start"": 18.5, ""end"": 19.5, ""duration"": 1.0}, {""start"": 19.5, ""end"": 21.0, ""duration"": 1.5}, {""start"": 21.0, ""end"": 22.0, ""duration"": 1.0}, {""start"": 9.0, ""end"": 10.5, ""duration"": 1.5}, {""start"": 10.5, ""end"": 12.5, ""duration"": 2.0}, {""start"": 12.5, ""end"": 14.5, ""duration"": 2.0}, {""start"": 14.5, ""end"": 15.5, ""duration"": 1.0}, {""start"": 15.5, ""end"": 17.5, ""duration"": 2.0}, {""start"": 17.5, ""end"": 19.0, ""duration"": 1.5}, {""start"": 19.0, ""end"": 21.0, ""duration"": 2.0}, {""start"": 21.0, ""end"": 22.0, ""duration"": 1.0}]"
2026-03-16;Monday;43.5;32.5;74.71;25;"[{""start"": 10.5, ""end"": 12.5, ""duration"": 2.0}, {""start"": 13.5, ""end"": 14.5, ""duration"": 1.0}, {""start"": 14.5, ""end"": 16.0, ""duration"": 1.5}, {""start"": 16.0, ""end"": 17.0, ""duration"": 1.0}, {""start"": 17.0, ""end"": 18.5, ""duration"": 1.5}, {""start"": 18.5, ""end"": 20.0, ""duration"": 1.5}, {""start"": 20.0, ""end"": 21.0, ""duration"": 1.0}, {""start"": 21.0, ""end"": 23.0, ""duration"": 2.0}, {""start"": 10.0, ""end"": 11.5, ""duration"": 1.5}, {""start"": 13.0, ""end"": 14.0, ""duration"": 1.0}, {""start"": 15.0, ""end"": 16.0, ""duration"": 1.0}, {""start"": 16.0, ""end"": 17.0, ""duration"": 1.0}, {""start"": 17.0, ""end"": 18.0, ""duration"": 1.0}, {""start"": 18.0, ""end"": 19.0, ""duration"": 1.0}, {""start"": 19.0, ""end"": 20.0, ""duration"": 1.0}, {""start"": 20.0, ""end"": 22.0, ""duration"": 2.0}, {""start"": 9.5, ""end"": 10.5, ""duration"": 1.0}, {""start"": 10.5, ""end"": 11.5, ""duration"": 1.0}, {""start"": 11.5, ""end"": 12.5, ""duration"": 1.0}, {""start"": 14.5, ""end"": 16.0, ""duration"": 1.5}, {""start"": 16.0, ""end"": 17.5, ""duration"": 1.5}, {""start"": 17.5, ""end"": 18.5, ""duration"": 1.0}, {""start"": 18.5, ""end"": 20.5, ""duration"": 2.0}, {""start"": 20.5, ""end"": 21.5, ""duration"": 1.0}, {""start"": 21.5, ""end"": 23.0, ""duration"": 1.5}]"
2026-03-17;Tuesday;43.5;31.5;72.41;23;"[{""start"": 8.5, ""end"": 10.0, ""duration"": 1.5}, {""start"": 10.5, ""end"": 12.0, ""duration"": 1.5}, {""start"": 12.0, ""end"": 13.0, ""duration"": 1.0}, {""start"": 15.0, ""end"": 16.5, ""duration"": 1.5}, {""start"": 16.5, ""end"": 17.5, ""duration"": 1.0}, {""start"": 17.5, ""end"": 19.5, ""duration"": 2.0}, {""start"": 19.5, ""end"": 21.0, ""duration"": 1.5}, {""start"": 21.0, ""end"": 22.0, ""duration"": 1.0}, {""start"": 22.0, ""end"": 23.0, ""duration"": 1.0}, {""start"": 11.5, ""end"": 12.5, ""duration"": 1.0}, {""start"": 15.0, ""end"": 16.0, ""duration"": 1.0}, {""start"": 16.0, ""end"": 17.0, ""duration"": 1.0}, {""start"": 17.0, ""end"": 18.0, ""duration"": 1.0}, {""start"": 18.0, ""end"": 19.0, ""duration"": 1.0}, {""start"": 19.0, ""end"": 21.0, ""duration"": 2.0}, {""start"": 21.0, ""end"": 23.0, ""duration"": 2.0}, {""start"": 8.0, ""end"": 9.5, ""duration"": 1.5}, {""start"": 9.5, ""end"": 11.0, ""duration"": 1.5}, {""start"": 15.5, ""end"": 17.0, ""duration"": 1.5}, {""start"": 17.0, ""end"": 19.0, ""duration"": 2.0}, {""start"": 19.0, ""end"": 20.0, ""duration"": 1.0}, {""start"": 20.0, ""end"": 21.0, ""duration"": 1.0}, {""start"": 21.0, ""end"": 23.0, ""duration"": 2.0}]"
2026-03-18;Wednesday;43.5;25.5;58.62;18;"[{""start"": 11.0, ""end"": 12.5, ""duration"": 1.5}, {""start"": 14.5, ""end"": 15.5, ""duration"": 1.0}, {""start"": 15.5, ""end"": 17.0, ""duration"": 1.5}, {""start"": 17.0, ""end"": 18.5, ""duration"": 1.5}, {""start"": 18.5, ""end"": 20.0, ""duration"": 1.5}, {""start"": 20.0, ""end"": 21.5, ""duration"": 1.5}, {""start"": 21.5, ""end"": 23.0, ""duration"": 1.5}, {""start"": 10.5, ""end"": 11.5, ""duration"": 1.0}, {""start"": 14.5, ""end"": 15.5, ""duration"": 1.0}, {""start"": 15.5, ""end"": 16.5, ""duration"": 1.0}, {""start"": 16.5, ""end"": 18.0, ""duration"": 1.5}, {""start"": 18.0, ""end"": 20.0, ""duration"": 2.0}, {""start"": 20.0, ""end"": 21.5, ""duration"": 1.5}, {""start"": 21.5, ""end"": 23.0, ""duration"": 1.5}, {""start"": 15.0, ""end"": 17.0, ""duration"": 2.0}, {""start"": 19.0, ""end"": 20.0, ""duration"": 1.0}, {""start"": 20.0, ""end"": 22.0, ""duration"": 2.0}, {""start"": 22.0, ""end"": 23.0, ""duration"": 1.0}]"
2026-03-19;Thursday;43.5;35.0;80.46;23;"[{""start"": 10.5, ""end"": 12.5, ""duration"": 2.0}, {""start"": 14.5, ""end"": 16.0, ""duration"": 1.5}, {""start"": 16.0, ""end"": 17.0, ""duration"": 1.0}, {""start"": 17.0, ""end"": 18.5, ""duration"": 1.5}, {""start"": 17.0, ""end"": 18.5, ""duration"": 1.5}, {""start"": 18.5, ""end"": 20.5, ""duration"": 2.0}, {""start"": 20.5, ""end"": 22.0, ""duration"": 1.5}, {""start"": 22.0, ""end"": 23.0, ""duration"": 1.0}, {""start"": 9.0, ""end"": 10.0, ""duration"": 1.0}, {""start"": 13.0, ""end"": 15.0, ""duration"": 2.0}, {""start"": 15.0, ""end"": 16.0, ""duration"": 1.0}, {""start"": 16.0, ""end"": 18.0, ""duration"": 2.0}, {""start"": 18.0, ""end"": 19.0, ""duration"": 1.0}, {""start"": 19.0, ""end"": 21.0, ""duration"": 2.0}, {""start"": 21.0, ""end"": 23.0, ""duration"": 2.0}, {""start"": 8.5, ""end"": 10.0, ""duration"": 1.5}, {""start"": 10.0, ""end"": 11.5, ""duration"": 1.5}, {""start"": 14.0, ""end"": 15.5, ""duration"": 1.5}, {""start"": 15.5, ""end"": 16.5, ""duration"": 1.0}, {""start"": 16.5, ""end"": 18.0, ""duration"": 1.5}, {""start"": 18.0, ""end"": 20.0, ""duration"": 2.0}, {""start"": 20.0, ""end"": 22.0, ""duration"": 2.0}, {""start"": 22.0, ""end"": 23.0, ""duration"": 1.0}]"
2026-03-20;Friday;43.5;35.0;80.46;21;"[{""start"": 10.0, ""end"": 11.0, ""duration"": 1.0}, {""start"": 11.0, ""end"": 13.0, ""duration"": 2.0}, {""start"": 14.0, ""end"": 16.0, ""duration"": 2.0}, {""start"": 16.0, ""end"": 17.0, ""duration"": 1.0}, {""start"": 17.0, ""end"": 18.5, ""duration"": 1.5}, {""start"": 18.5, ""end"": 20.0, ""duration"": 1.5}, {""start"": 20.0, ""end"": 23.0, ""duration"": 3.0}, {""start"": 10.0, ""end"": 11.0, ""duration"": 1.0}, {""start"": 12.5, ""end"": 14.5, ""duration"": 2.0}, {""start"": 14.5, ""end"": 16.0, ""duration"": 1.5}, {""start"": 16.0, ""end"": 17.0, ""duration"": 1.0}, {""start"": 17.0, ""end"": 18.5, ""duration"": 1.5}, {""start"": 18.5, ""end"": 20.0, ""duration"": 1.5}, {""start"": 20.0, ""end"": 23.0, ""duration"": 3.0}, {""start"": 11.5, ""end"": 13.0, ""duration"": 1.5}, {""start"": 13.0, ""end"": 14.5, ""duration"": 1.5}, {""start"": 14.5, ""end"": 16.0, ""duration"": 1.5}, {""start"": 16.0, ""end"": 17.0, ""duration"": 1.0}, {""start"": 17.0, ""end"": 18.5, ""duration"": 1.5}, {""start"": 18.5, ""end"": 20.0, ""duration"": 1.5}, {""start"": 20.0, ""end"": 23.0, ""duration"": 3.0}]"
2026-03-21;Saturday;37.5;37.5;100.0;25;"[{""start"": 9.0, ""end"": 12.0, ""duration"": 3.0}, {""start"": 12.0, ""end"": 13.0, ""duration"": 1.0}, {""start"": 13.0, ""end"": 14.0, ""duration"": 1.0}, {""start"": 14.0, ""end"": 16.0, ""duration"": 2.0}, {""start"": 16.0, ""end"": 17.5, ""duration"": 1.5}, {""start"": 17.5, ""end"": 19.0, ""duration"": 1.5}, {""start"": 19.0, ""end"": 20.5, ""duration"": 1.5}, {""start"": 20.5, ""end"": 22.0, ""duration"": 1.5}, {""start"": 9.0, ""end"": 12.0, ""duration"": 3.0}, {""start"": 12.0, ""end"": 14.0, ""duration"": 2.0}, {""start"": 14.0, ""end"": 16.0, ""duration"": 2.0}, {""start"": 16.0, ""end"": 17.5, ""duration"": 1.5}, {""start"": 17.5, ""end"": 18.5, ""duration"": 1.0}, {""start"": 18.5, ""end"": 20.0, ""duration"": 1.5}, {""start"": 20.0, ""end"": 21.0, ""duration"": 1.0}, {""start"": 21.0, ""end"": 22.0, ""duration"": 1.0}, {""start"": 9.0, ""end"": 12.0, ""duration"": 3.0}, {""start"": 12.0, ""end"": 13.5, ""duration"": 1.5}, {""start"": 13.5, ""end"": 15.0, ""duration"": 1.5}, {""start"": 15.0, ""end"": 16.5, ""duration"": 1.5}, {""start"": 16.5, ""end"": 17.5, ""duration"": 1.0}, {""start"": 17.5, ""end"": 18.5, ""duration"": 1.0}, {""start"": 18.5, ""end"": 19.5, ""duration"": 1.0}, {""start"": 19.5, ""end"": 20.5, ""duration"": 1.0}, {""start"": 20.5, ""end"": 22.0, ""duration"": 1.5}]"
2026-03-22;Sunday;37.5;37.5;100.0;26;"[{""start"": 9.0, ""end"": 11.0, ""duration"": 2.0}, {""start"": 11.0, ""end"": 13.0, ""duration"": 2.0}, {""start"": 13.0, ""end"": 14.0, ""duration"": 1.0}, {""start"": 14.0, ""end"": 15.5, ""duration"": 1.5}, {""start"": 15.5, ""end"": 17.0, ""duration"": 1.5}, {""start"": 17.0, ""end"": 18.5, ""duration"": 1.5}, {""start"": 18.5, ""end"": 20.0, ""duration"": 1.5}, {""start"": 20.0, ""end"": 22.0, ""duration"": 2.0}, {""start"": 9.0, ""end"": 10.0, ""duration"": 1.0}, {""start"": 10.0, ""end"": 11.0, ""duration"": 1.0}, {""start"": 11.0, ""end"": 12.5, ""duration"": 1.5}, {""start"": 12.5, ""end"": 14.0, ""duration"": 1.5}, {""start"": 14.0, ""end"": 15.5, ""duration"": 1.5}, {""start"": 15.5, ""end"": 16.5, ""duration"": 1.0}, {""start"": 16.5, ""end"": 18.0, ""duration"": 1.5}, {""start"": 18.0, ""end"": 19.5, ""duration"": 1.5}, {""start"": 19.5, ""end"": 20.5, ""duration"": 1.0}, {""start"": 20.5, ""end"": 22.0, ""duration"": 1.5}, {""start"": 9.0, ""end"": 10.5, ""duration"": 1.5}, {""start"": 10.5, ""end"": 12.5, ""duration"": 2.0}, {""start"": 12.5, ""end"": 14.0, ""duration"": 1.5}, {""start"": 14.0, ""end"": 16.0, ""duration"": 2.0}, {""start"": 16.0, ""end"": 18.0, ""duration"": 2.0}, {""start"": 18.0, ""end"": 19.0, ""duration"": 1.0}, {""start"": 19.0, ""end"": 20.5, ""duration"": 1.5}, {""start"": 20.5, ""end"": 22.0, ""duration"": 1.5}]"
2026-03-23;Monday;43.5;41.0;94.25;29;"[{""start"": 9.0, ""end"": 10.5, ""duration"": 1.5}, {""start"": 10.5, ""end"": 12.0, ""duration"": 1.5}, {""start"": 12.0, ""end"": 14.0, ""duration"": 2.0}, {""start"": 14.0, ""end"": 15.0, ""duration"": 1.0}, {""start"": 15.0, ""end"": 16.5, ""duration"": 1.5}, {""start"": 16.5, ""end"": 18.5, ""duration"": 2.0}, {""start"": 18.5, ""end"": 20.0, ""duration"": 1.5}, {""start"": 20.0, ""end"": 22.0, ""duration"": 2.0}, {""start"": 9.0, ""end"": 10.0, ""duration"": 1.0}, {""start"": 10.0, ""end"": 11.0, ""duration"": 1.0}, {""start"": 11.0, ""end"": 12.0, ""duration"": 1.0}, {""start"": 12.0, ""end"": 14.0, ""duration"": 2.0}, {""start"": 14.0, ""end"": 15.0, ""duration"": 1.0}, {""start"": 15.0, ""end"": 16.0, ""duration"": 1.0}, {""start"": 16.0, ""end"": 17.0, ""duration"": 1.0}, {""start"": 17.0, ""end"": 18.0, ""duration"": 1.0}, {""start"": 18.0, ""end"": 19.0, ""duration"": 1.0}, {""start"": 19.0, ""end"": 20.0, ""duration"": 1.0}, {""start"": 20.0, ""end"": 21.0, ""duration"": 1.0}, {""start"": 21.0, ""end"": 23.0, ""duration"": 2.0}, {""start"": 8.0, ""end"": 9.0, ""duration"": 1.0}, {""start"": 10.0, ""end"": 12.0, ""duration"": 2.0}, {""start"": 12.0, ""end"": 13.0, ""duration"": 1.0}, {""start"": 13.0, ""end"": 15.0, ""duration"": 2.0}, {""start"": 15.0, ""end"": 16.0, ""duration"": 1.0}, {""start"": 16.0, ""end"": 17.5, ""duration"": 1.5}, {""start"": 17.5, ""end"": 19.0, ""duration"": 1.5}, {""start"": 19.0, ""end"": 21.0, ""duration"": 2.0}, {""start"": 21.0, ""end"": 23.0, ""duration"": 2.0}]"
2026-03-24;Tuesday;43.5;37.0;85.06;28;"[{""start"": 10.0, ""end"": 11.0, ""duration"": 1.0}, {""start"": 11.0, ""end"": 12.0, ""duration"": 1.0}, {""start"": 12.0, ""end"": 13.0, ""duration"": 1.0}, {""start"": 13.0, ""end"": 14.0, ""duration"": 1.0}, {""start"": 14.0, ""end"": 15.0, ""duration"": 1.0}, {""start"": 15.0, ""end"": 16.5, ""duration"": 1.5}, {""start"": 16.5, ""end"": 17.5, ""duration"": 1.0}, {""start"": 17.5, ""end"": 19.5, ""duration"": 2.0}, {""start"": 21.0, ""end"": 22.0, ""duration"": 1.0}, {""start"": 9.0, ""end"": 11.0, ""duration"": 2.0}, {""start"": 11.0, ""end"": 12.5, ""duration"": 1.5}, {""start"": 12.5, ""end"": 14.0, ""duration"": 1.5}, {""start"": 14.0, ""end"": 15.0, ""duration"": 1.0}, {""start"": 15.0, ""end"": 16.0, ""duration"": 1.0}, {""start"": 16.0, ""end"": 17.0, ""duration"": 1.0}, {""start"": 17.0, ""end"": 18.0, ""duration"": 1.0}, {""start"": 18.0, ""end"": 19.0, ""duration"": 1.0}, {""start"": 19.0, ""end"": 20.5, ""duration"": 1.5}, {""start"": 20.5, ""end"": 22.0, ""duration"": 1.5}, {""start"": 8.5, ""end"": 11.5, ""duration"": 3.0}, {""start"": 12.5, ""end"": 14.0, ""duration"": 1.5}, {""start"": 14.0, ""end"": 15.0, ""duration"": 1.0}, {""start"": 15.0, ""end"": 16.0, ""duration"": 1.0}, {""start"": 16.0, ""end"": 18.0, ""duration"": 2.0}, {""start"": 18.0, ""end"": 19.0, ""duration"": 1.0}, {""start"": 19.0, ""end"": 20.0, ""duration"": 1.0}, {""start"": 20.0, ""end"": 21.0, ""duration"": 1.0}, {""start"": 21.0, ""end"": 23.0, ""duration"": 2.0}]"
2026-03-25;Wednesday;43.5;32.0;73.56;22;"[{""start"": 10.0, ""end"": 12.0, ""duration"": 2.0}, {""start"": 12.0, ""end"": 14.0, ""duration"": 2.0}, {""start"": 14.0, ""end"": 15.0, ""duration"": 1.0}, {""start"": 15.0, ""end"": 16.0, ""duration"": 1.0}, {""start"": 16.0, ""end"": 17.5, ""duration"": 1.5}, {""start"": 17.5, ""end"": 19.0, ""duration"": 1.5}, {""start"": 19.0, ""end"": 21.0, ""duration"": 2.0}, {""start"": 21.0, ""end"": 22.0, ""duration"": 1.0}, {""start"": 22.0, ""end"": 23.0, ""duration"": 1.0}, {""start"": 11.5, ""end"": 13.5, ""duration"": 2.0}, {""start"": 15.0, ""end"": 16.0, ""duration"": 1.0}, {""start"": 16.0, ""end"": 17.0, ""duration"": 1.0}, {""start"": 17.0, ""end"": 18.5, ""duration"": 1.5}, {""start"": 18.5, ""end"": 20.5, ""duration"": 2.0}, {""start"": 20.5, ""end"": 22.0, ""duration"": 1.5}, {""start"": 12.0, ""end"": 13.0, ""duration"": 1.0}, {""start"": 13.0, ""end"": 15.0, ""duration"": 2.0}, {""start"": 15.0, ""end"": 16.0, ""duration"": 1.0}, {""start"": 16.0, ""end"": 17.0, ""duration"": 1.0}, {""start"": 17.0, ""end"": 19.0, ""duration"": 2.0}, {""start"": 19.0, ""end"": 20.0, ""duration"": 1.0}, {""start"": 20.0, ""end"": 22.0, ""duration"": 2.0}]"
2026-03-26;Thursday;43.5;39.0;89.66;28;"[{""start"": 8.0, ""end"": 9.5, ""duration"": 1.5}, {""start"": 11.0, ""end"": 13.0, ""duration"": 2.0}, {""start"": 13.0, ""end"": 14.0, ""duration"": 1.0}, {""start"": 15.0, ""end"": 17.0, ""duration"": 2.0}, {""start"": 17.0, ""end"": 18.5, ""duration"": 1.5}, {""start"": 18.5, ""end"": 20.5, ""duration"": 2.0}, {""start"": 20.5, ""end"": 22.0, ""duration"": 1.5}, {""start"": 22.0, ""end"": 23.0, ""duration"": 1.0}, {""start"": 10.0, ""end"": 11.0, ""duration"": 1.0}, {""start"": 11.0, ""end"": 12.0, ""duration"": 1.0}, {""start"": 12.0, ""end"": 13.0, ""duration"": 1.0}, {""start"": 14.0, ""end"": 15.5, ""duration"": 1.5}, {""start"": 15.5, ""end"": 16.5, ""duration"": 1.0}, {""start"": 16.5, ""end"": 18.0, ""duration"": 1.5}, {""start"": 18.0, ""end"": 19.0, ""duration"": 1.0}, {""start"": 19.0, ""end"": 21.0, ""duration"": 2.0}, {""start"": 21.0, ""end"": 23.0, ""duration"": 2.0}, {""start"": 8.5, ""end"": 10.0, ""duration"": 1.5}, {""start"": 10.0, ""end"": 11.5, ""duration"": 1.5}, {""start"": 11.5, ""end"": 13.5, ""duration"": 2.0}, {""start"": 13.5, ""end"": 14.5, ""duration"": 1.0}, {""start"": 14.5, ""end"": 15.5, ""duration"": 1.0}, {""start"": 15.5, ""end"": 16.5, ""duration"": 1.0}, {""start"": 16.5, ""end"": 18.0, ""duration"": 1.5}, {""start"": 18.0, ""end"": 19.0, ""duration"": 1.0}, {""start"": 19.0, ""end"": 20.0, ""duration"": 1.0}, {""start"": 20.0, ""end"": 21.5, ""duration"": 1.5}, {""start"": 21.5, ""end"": 23.0, ""duration"": 1.5}]"
2026-03-27;Friday;43.5;36.5;83.91;23;"[{""start"": 10.0, ""end"": 12.0, ""duration"": 2.0}, {""start"": 12.0, ""end"": 13.0, ""duration"": 1.0}, {""start"": 13.0, ""end"": 14.5, ""duration"": 1.5}, {""start"": 14.5, ""end"": 16.0, ""duration"": 1.5}, {""start"": 16.0, ""end"": 17.0, ""duration"": 1.0}, {""start"": 17.0, ""end"": 18.5, ""duration"": 1.5}, {""start"": 18.5, ""end"": 20.0, ""duration"": 1.5}, {""start"": 20.0, ""end"": 23.0, ""duration"": 3.0}, {""start"": 10.5, ""end"": 12.5, ""duration"": 2.0}, {""start"": 13.5, ""end"": 15.0, ""duration"": 1.5}, {""start"": 15.0, ""end"": 16.0, ""duration"": 1.0}, {""start"": 16.0, ""end"": 17.5, ""duration"": 1.5}, {""start"": 17.5, ""end"": 18.5, ""duration"": 1.0}, {""start"": 18.5, ""end"": 20.0, ""duration"": 1.5}, {""start"": 20.0, ""end"": 23.0, ""duration"": 3.0}, {""start"": 8.0, ""end"": 9.0, ""duration"": 1.0}, {""start"": 10.0, ""end"": 11.5, ""duration"": 1.5}, {""start"": 11.5, ""end"": 12.5, ""duration"": 1.0}, {""start"": 13.5, ""end"": 15.0, ""duration"": 1.5}, {""start"": 16.0, ""end"": 17.0, ""duration"": 1.0}, {""start"": 17.0, ""end"": 18.0, ""duration"": 1.0}, {""start"": 18.0, ""end"": 20.0, ""duration"": 2.0}, {""start"": 20.0, ""end"": 23.0, ""duration"": 3.0}]"
2026-03-28;Saturday;37.5;31.0;82.67;21;"[{""start"": 9.0, ""end"": 10.5, ""duration"": 1.5}, {""start"": 10.5, ""end"": 12.0, ""duration"": 1.5}, {""start"": 12.0, ""end"": 13.0, ""duration"": 1.0}, {""start"": 13.0, ""end"": 14.0, ""duration"": 1.0}, {""start"": 14.0, ""end"": 15.0, ""duration"": 1.0}, {""start"": 15.0, ""end"": 16.0, ""duration"": 1.0}, {""start"": 16.0, ""end"": 18.0, ""duration"": 2.0}, {""start"": 18.0, ""end"": 20.0, ""duration"": 2.0}, {""start"": 9.0, ""end"": 11.0, ""duration"": 2.0}, {""start"": 11.0, ""end"": 12.0, ""duration"": 1.0}, {""start"": 12.0, ""end"": 13.0, ""duration"": 1.0}, {""start"": 13.0, ""end"": 14.0, ""duration"": 1.0}, {""start"": 14.0, ""end"": 15.0, ""duration"": 1.0}, {""start"": 15.0, ""end"": 16.5, ""duration"": 1.5}, {""start"": 16.5, ""end"": 18.0, ""duration"": 1.5}, {""start"": 9.0, ""end"": 11.0, ""duration"": 2.0}, {""start"": 11.0, ""end"": 12.0, ""duration"": 1.0}, {""start"": 12.0, ""end"": 14.0, ""duration"": 2.0}, {""start"": 14.0, ""end"": 16.0, ""duration"": 2.0}, {""start"": 16.0, ""end"": 18.0, ""duration"": 2.0}, {""start"": 18.0, ""end"": 20.0, ""duration"": 2.0}]"
2026-03-29;Sunday;37.5;37.5;100.0;28;"[{""start"": 9.0, ""end"": 11.0, ""duration"": 2.0}, {""start"": 11.0, ""end"": 13.0, ""duration"": 2.0}, {""start"": 13.0, ""end"": 14.0, ""duration"": 1.0}, {""start"": 14.0, ""end"": 15.5, ""duration"": 1.5}, {""start"": 15.5, ""end"": 17.0, ""duration"": 1.5}, {""start"": 17.0, ""end"": 18.0, ""duration"": 1.0}, {""start"": 18.0, ""end"": 20.0, ""duration"": 2.0}, {""start"": 20.0, ""end"": 22.0, ""duration"": 2.0}, {""start"": 9.0, ""end"": 10.0, ""duration"": 1.0}, {""start"": 10.0, ""end"": 11.0, ""duration"": 1.0}, {""start"": 11.0, ""end"": 12.5, ""duration"": 1.5}, {""start"": 12.5, ""end"": 13.5, ""duration"": 1.0}, {""start"": 13.5, ""end"": 14.5, ""duration"": 1.0}, {""start"": 14.5, ""end"": 15.5, ""duration"": 1.0}, {""start"": 15.5, ""end"": 16.5, ""duration"": 1.0}, {""start"": 16.5, ""end"": 17.5, ""duration"": 1.0}, {""start"": 17.5, ""end"": 19.5, ""duration"": 2.0}, {""start"": 19.5, ""end"": 20.5, ""duration"": 1.0}, {""start"": 20.5, ""end"": 22.0, ""duration"": 1.5}, {""start"": 9.0, ""end"": 10.5, ""duration"": 1.5}, {""start"": 10.5, ""end"": 12.5, ""duration"": 2.0}, {""start"": 12.5, ""end"": 14.0, ""duration"": 1.5}, {""start"": 14.0, ""end"": 15.0, ""duration"": 1.0}, {""start"": 15.0, ""end"": 16.0, ""duration"": 1.0}, {""start"": 16.0, ""end"": 17.5, ""duration"": 1.5}, {""start"": 17.5, ""end"": 19.0, ""duration"": 1.5}, {""start"": 19.0, ""end"": 21.0, ""duration"": 2.0}, {""start"": 21.0, ""end"": 22.0, ""duration"": 1.0}]"
2026-03-30;Monday;43.5;43.5;100.0;31;"[{""start"": 8.0, ""end"": 9.0, ""duration"": 1.0}, {""start"": 9.0, ""end"": 13.0, ""duration"": 4.0}, {""start"": 13.0, ""end"": 15.0, ""duration"": 2.0}, {""start"": 15.0, ""end"": 16.0, ""duration"": 1.0}, {""start"": 16.0, ""end"": 17.5, ""duration"": 1.5}, {""start"": 17.5, ""end"": 18.5, ""duration"": 1.0}, {""start"": 18.5, ""end"": 20.0, ""duration"": 1.5}, {""start"": 20.0, ""end"": 22.0, ""duration"": 2.0}, {""start"": 22.0, ""end"": 23.0, ""duration"": 1.0}, {""start"": 8.0, ""end"": 9.0, ""duration"": 1.0}, {""start"": 9.0, ""end"": 13.0, ""duration"": 4.0}, {""start"": 13.0, ""end"": 14.0, ""duration"": 1.0}, {""start"": 14.0, ""end"": 15.0, ""duration"": 1.0}, {""start"": 15.0, ""end"": 16.0, ""duration"": 1.0}, {""start"": 16.0, ""end"": 17.0, ""duration"": 1.0}, {""start"": 17.0, ""end"": 18.0, ""duration"": 1.0}, {""start"": 18.0, ""end"": 19.0, ""duration"": 1.0}, {""start"": 19.0, ""end"": 20.5, ""duration"": 1.5}, {""start"": 20.5, ""end"": 22.0, ""duration"": 1.5}, {""start"": 22.0, ""end"": 23.0, ""duration"": 1.0}, {""start"": 8.0, ""end"": 9.0, ""duration"": 1.0}, {""start"": 9.0, ""end"": 13.0, ""duration"": 4.0}, {""start"": 13.0, ""end"": 14.0, ""duration"": 1.0}, {""start"": 14.0, ""end"": 15.0, ""duration"": 1.0}, {""start"": 15.0, ""end"": 16.0, ""duration"": 1.0}, {""start"": 16.0, ""end"": 17.0, ""duration"": 1.0}, {""start"": 17.0, ""end"": 18.0, ""duration"": 1.0}, {""start"": 18.0, ""end"": 19.0, ""duration"": 1.0}, {""start"": 19.0, ""end"": 20.5, ""duration"": 1.5}, {""start"": 20.5, ""end"": 22.0, ""duration"": 1.5}, {""start"": 22.0, ""end"": 23.0, ""duration"": 1.0}]"
2026-03-31;Tuesday;43.5;43.5;100.0;32;"[{""start"": 8.0, ""end"": 9.0, ""duration"": 1.0}, {""start"": 9.0, ""end"": 13.0, ""duration"": 4.0}, {""start"": 13.0, ""end"": 14.0, ""duration"": 1.0}, {""start"": 14.0, ""end"": 15.5, ""duration"": 1.5}, {""start"": 15.5, ""end"": 16.5, ""duration"": 1.0}, {""start"": 16.5, ""end"": 17.5, ""duration"": 1.0}, {""start"": 17.5, ""end"": 19.5, ""duration"": 2.0}, {""start"": 19.5, ""end"": 21.0, ""duration"": 1.5}, {""start"": 19.5, ""end"": 21.0, ""duration"": 1.5}, {""start"": 21.0, ""end"": 22.0, ""duration"": 1.0}, {""start"": 22.0, ""end"": 23.0, ""duration"": 1.0}, {""start"": 8.0, ""end"": 9.0, ""duration"": 1.0}, {""start"": 9.0, ""end"": 13.0, ""duration"": 4.0}, {""start"": 13.0, ""end"": 14.0, ""duration"": 1.0}, {""start"": 14.0, ""end"": 15.0, ""duration"": 1.0}, {""start"": 15.0, ""end"": 16.0, ""duration"": 1.0}, {""start"": 16.0, ""end"": 17.0, ""duration"": 1.0}, {""start"": 17.0, ""end"": 18.0, ""duration"": 1.0}, {""start"": 18.0, ""end"": 19.0, ""duration"": 1.0}, {""start"": 19.0, ""end"": 20.5, ""duration"": 1.5}, {""start"": 20.5, ""end"": 22.0, ""duration"": 1.5}, {""start"": 22.0, ""end"": 23.0, ""duration"": 1.0}, {""start"": 8.0, ""end"": 9.0, ""duration"": 1.0}, {""start"": 9.0, ""end"": 13.0, ""duration"": 4.0}, {""start"": 13.0, ""end"": 14.0, ""duration"": 1.0}, {""start"": 14.0, ""end"": 15.0, ""duration"": 1.0}, {""start"": 15.0, ""end"": 16.5, ""duration"": 1.5}, {""start"": 16.5, ""end"": 18.0, ""duration"": 1.5}, {""start"": 18.0, ""end"": 19.0, ""duration"": 1.0}, {""start"": 19.0, ""end"": 20.0, ""duration"": 1.0}, {""start"": 20.0, ""end"": 21.0, ""duration"": 1.0}, {""start"": 21.0, ""end"": 23.0, ""duration"": 2.0}]"
2026-04-01;Wednesday;43.5;42.0;96.55;24;"[{""start"": 9.0, ""end"": 13.0, ""duration"": 4.0}, {""start"": 13.0, ""end"": 15.0, ""duration"": 2.0}, {""start"": 15.0, ""end"": 17.0, ""duration"": 2.0}, {""start"": 17.0, ""end"": 18.5, ""duration"": 1.5}, {""start"": 18.5, ""end"": 20.0, ""duration"": 1.5}, {""start"": 20.0, ""end"": 21.0, ""duration"": 1.0}, {""start"": 21.0, ""end"": 23.0, ""duration"": 2.0}, {""start"": 9.0, ""end"": 13.0, ""duration"": 4.0}, {""start"": 13.0, ""end"": 15.0, ""duration"": 2.0}, {""start"": 15.0, ""end"": 16.0, ""duration"": 1.0}, {""start"": 16.0, ""end"": 17.0, ""duration"": 1.0}, {""start"": 17.0, ""end"": 18.5, ""duration"": 1.5}, {""start"": 18.5, ""end"": 20.0, ""duration"": 1.5}, {""start"": 20.0, ""end"": 22.0, ""duration"": 2.0}, {""start"": 22.0, ""end"": 23.0, ""duration"": 1.0}, {""start"": 9.0, ""end"": 13.0, ""duration"": 4.0}, {""start"": 13.0, ""end"": 14.0, ""duration"": 1.0}, {""start"": 14.0, ""end"": 15.0, ""duration"": 1.0}, {""start"": 15.0, ""end"": 16.0, ""duration"": 1.0}, {""start"": 16.0, ""end"": 17.0, ""duration"": 1.0}, {""start"": 17.0, ""end"": 19.0, ""duration"": 2.0}, {""start"": 19.0, ""end"": 20.0, ""duration"": 1.0}, {""start"": 20.0, ""end"": 22.0, ""duration"": 2.0}, {""start"": 22.0, ""end"": 23.0, ""duration"": 1.0}]"
2026-04-02;Thursday;43.5;43.5;100.0;29;"[{""start"": 8.0, ""end"": 9.0, ""duration"": 1.0}, {""start"": 9.0, ""end"": 13.0, ""duration"": 4.0}, {""start"": 13.0, ""end"": 14.0, ""duration"": 1.0}, {""start"": 14.0, ""end"": 15.0, ""duration"": 1.0}, {""start"": 15.0, ""end"": 16.0, ""duration"": 1.0}, {""start"": 16.0, ""end"": 17.0, ""duration"": 1.0}, {""start"": 17.0, ""end"": 18.0, ""duration"": 1.0}, {""start"": 18.0, ""end"": 19.0, ""duration"": 1.0}, {""start"": 19.0, ""end"": 21.0, ""duration"": 2.0}, {""start"": 21.0, ""end"": 23.0, ""duration"": 2.0}, {""start"": 8.0, ""end"": 9.0, ""duration"": 1.0}, {""start"": 9.0, ""end"": 13.0, ""duration"": 4.0}, {""start"": 13.0, ""end"": 14.0, ""duration"": 1.0}, {""start"": 14.0, ""end"": 15.5, ""duration"": 1.5}, {""start"": 15.5, ""end"": 16.5, ""duration"": 1.0}, {""start"": 16.5, ""end"": 18.0, ""duration"": 1.5}, {""start"": 18.0, ""end"": 19.0, ""duration"": 1.0}, {""start"": 19.0, ""end"": 21.0, ""duration"": 2.0}, {""start"": 21.0, ""end"": 23.0, ""duration"": 2.0}, {""start"": 8.0, ""end"": 9.0, ""duration"": 1.0}, {""start"": 9.0, ""end"": 13.0, ""duration"": 4.0}, {""start"": 13.0, ""end"": 14.0, ""duration"": 1.0}, {""start"": 14.0, ""end"": 15.0, ""duration"": 1.0}, {""start"": 15.0, ""end"": 16.0, ""duration"": 1.0}, {""start"": 16.0, ""end"": 17.5, ""duration"": 1.5}, {""start"": 17.5, ""end"": 19.0, ""duration"": 1.5}, {""start"": 19.0, ""end"": 21.0, ""duration"": 2.0}, {""start"": 21.0, ""end"": 22.0, ""duration"": 1.0}, {""start"": 22.0, ""end"": 23.0, ""duration"": 1.0}]"
2026-04-03;Friday;43.5;43.5;100.0;31;"[{""start"": 8.0, ""end"": 9.0, ""duration"": 1.0}, {""start"": 9.0, ""end"": 10.0, ""duration"": 1.0}, {""start"": 10.0, ""end"": 12.0, ""duration"": 2.0}, {""start"": 12.0, ""end"": 14.0, ""duration"": 2.0}, {""start"": 14.0, ""end"": 15.0, ""duration"": 1.0}, {""start"": 15.0, ""end"": 17.0, ""duration"": 2.0}, {""start"": 17.0, ""end"": 19.0, ""duration"": 2.0}, {""start"": 19.0, ""end"": 20.5, ""duration"": 1.5}, {""start"": 20.5, ""end"": 22.0, ""duration"": 1.5}, {""start"": 22.0, ""end"": 23.0, ""duration"": 1.0}, {""start"": 8.0, ""end"": 9.0, ""duration"": 1.0}, {""start"": 9.0, ""end"": 10.0, ""duration"": 1.0}, {""start"": 10.0, ""end"": 12.0, ""duration"": 2.0}, {""start"": 12.0, ""end"": 14.0, ""duration"": 2.0}, {""start"": 14.0, ""end"": 15.0, ""duration"": 1.0}, {""start"": 15.0, ""end"": 17.0, ""duration"": 2.0}, {""start"": 17.0, ""end"": 18.5, ""duration"": 1.5}, {""start"": 18.5, ""end"": 19.5, ""duration"": 1.0}, {""start"": 19.5, ""end"": 21.0, ""duration"": 1.5}, {""start"": 21.0, ""end"": 22.0, ""duration"": 1.0}, {""start"": 22.0, ""end"": 23.0, ""duration"": 1.0}, {""start"": 8.0, ""end"": 9.0, ""duration"": 1.0}, {""start"": 9.0, ""end"": 10.5, ""duration"": 1.5}, {""start"": 10.5, ""end"": 12.0, ""duration"": 1.5}, {""start"": 12.0, ""end"": 14.0, ""duration"": 2.0}, {""start"": 14.0, ""end"": 15.5, ""duration"": 1.5}, {""start"": 15.5, ""end"": 17.0, ""duration"": 1.5}, {""start"": 17.0, ""end"": 18.5, ""duration"": 1.5}, {""start"": 18.5, ""end"": 20.5, ""duration"": 2.0}, {""start"": 20.5, ""end"": 22.0, ""duration"": 1.5}, {""start"": 22.0, ""end"": 23.0, ""duration"": 1.0}]"
2026-04-04;Saturday;37.5;37.5;100.0;28;"[{""start"": 9.0, ""end"": 10.0, ""duration"": 1.0}, {""start"": 10.0, ""end"": 13.0, ""duration"": 3.0}, {""start"": 13.0, ""end"": 14.5, ""duration"": 1.5}, {""start"": 14.5, ""end"": 16.0, ""duration"": 1.5}, {""start"": 16.0, ""end"": 17.0, ""duration"": 1.0}, {""start"": 17.0, ""end"": 18.0, ""duration"": 1.0}, {""start"": 18.0, ""end"": 20.0, ""duration"": 2.0}, {""start"": 20.0, ""end"": 21.0, ""duration"": 1.0}, {""start"": 21.0, ""end"": 22.0, ""duration"": 1.0}, {""start"": 9.0, ""end"": 10.0, ""duration"": 1.0}, {""start"": 10.0, ""end"": 11.5, ""duration"": 1.5}, {""start"": 11.5, ""end"": 13.0, ""duration"": 1.5}, {""start"": 13.0, ""end"": 14.0, ""duration"": 1.0}, {""start"": 14.0, ""end"": 15.5, ""duration"": 1.5}, {""start"": 15.5, ""end"": 17.0, ""duration"": 1.5}, {""start"": 17.0, ""end"": 18.0, ""duration"": 1.0}, {""start"": 18.0, ""end"": 20.0, ""duration"": 2.0}, {""start"": 20.0, ""end"": 21.0, ""duration"": 1.0}, {""start"": 21.0, ""end"": 22.0, ""duration"": 1.0}, {""start"": 9.0, ""end"": 10.0, ""duration"": 1.0}, {""start"": 10.0, ""end"": 13.0, ""duration"": 3.0}, {""start"": 13.0, ""end"": 15.0, ""duration"": 2.0}, {""start"": 15.0, ""end"": 16.0, ""duration"": 1.0}, {""start"": 16.0, ""end"": 17.0, ""duration"": 1.0}, {""start"": 17.0, ""end"": 18.0, ""duration"": 1.0}, {""start"": 18.0, ""end"": 20.0, ""duration"": 2.0}, {""start"": 20.0, ""end"": 21.0, ""duration"": 1.0}, {""start"": 21.0, ""end"": 22.0, ""duration"": 1.0}]"
2026-04-05;Sunday;37.5;37.5;100.0;29;"[{""start"": 9.0, ""end"": 11.0, ""duration"": 2.0}, {""start"": 11.0, ""end"": 12.0, ""duration"": 1.0}, {""start"": 12.0, ""end"": 13.5, ""duration"": 1.5}, {""start"": 13.5, ""end"": 15.0, ""duration"": 1.5}, {""start"": 15.0, ""end"": 16.0, ""duration"": 1.0}, {""start"": 16.0, ""end"": 17.0, ""duration"": 1.0}, {""start"": 17.0, ""end"": 18.0, ""duration"": 1.0}, {""start"": 18.0, ""end"": 19.5, ""duration"": 1.5}, {""start"": 19.5, ""end"": 20.5, ""duration"": 1.0}, {""start"": 20.5, ""end"": 22.0, ""duration"": 1.5}, {""start"": 9.0, ""end"": 10.0, ""duration"": 1.0}, {""start"": 10.0, ""end"": 11.0, ""duration"": 1.0}, {""start"": 11.0, ""end"": 12.5, ""duration"": 1.5}, {""start"": 12.5, ""end"": 13.5, ""duration"": 1.0}, {""start"": 13.5, ""end"": 15.0, ""duration"": 1.5}, {""start"": 15.0, ""end"": 16.0, ""duration"": 1.0}, {""start"": 16.0, ""end"": 17.0, ""duration"": 1.0}, {""start"": 17.0, ""end"": 18.0, ""duration"": 1.0}, {""start"": 18.0, ""end"": 20.0, ""duration"": 2.0}, {""start"": 20.0, ""end"": 22.0, ""duration"": 2.0}, {""start"": 9.0, ""end"": 10.5, ""duration"": 1.5}, {""start"": 10.5, ""end"": 12.5, ""duration"": 2.0}, {""start"": 12.5, ""end"": 13.5, ""duration"": 1.0}, {""start"": 13.5, ""end"": 14.5, ""duration"": 1.0}, {""start"": 14.5, ""end"": 16.0, ""duration"": 1.5}, {""start"": 16.0, ""end"": 18.0, ""duration"": 2.0}, {""start"": 18.0, ""end"": 19.5, ""duration"": 1.5}, {""start"": 19.5, ""end"": 20.5, ""duration"": 1.0}, {""start"": 20.5, ""end"": 22.0, ""duration"": 1.5}]"
2026-04-06;Monday;43.5;43.5;100.0;35;"[{""start"": 8.0, ""end"": 9.0, ""duration"": 1.0}, {""start"": 9.0, ""end"": 10.0, ""duration"": 1.0}, {""start"": 10.0, ""end"": 11.0, ""duration"": 1.0}, {""start"": 11.0, ""end"": 13.0, ""duration"": 2.0}, {""start"": 13.0, ""end"": 15.0, ""duration"": 2.0}, {""start"": 15.0, ""end"": 16.0, ""duration"": 1.0}, {""start"": 16.0, ""end"": 17.5, ""duration"": 1.5}, {""start"": 17.5, ""end"": 19.0, ""duration"": 1.5}, {""start"": 19.0, ""end"": 20.5, ""duration"": 1.5}, {""start"": 20.5, ""end"": 22.0, ""duration"": 1.5}, {""start"": 22.0, ""end"": 23.0, ""duration"": 1.0}, {""start"": 8.0, ""end"": 9.0, ""duration"": 1.0}, {""start"": 9.0, ""end"": 10.0, ""duration"": 1.0}, {""start"": 10.0, ""end"": 11.0, ""duration"": 1.0}, {""start"": 11.0, ""end"": 12.5, ""duration"": 1.5}, {""start"": 12.5, ""end"": 14.5, ""duration"": 2.0}, {""start"": 14.5, ""end"": 16.5, ""duration"": 2.0}, {""start"": 16.5, ""end"": 17.5, ""duration"": 1.0}, {""start"": 17.5, ""end"": 18.5, ""duration"": 1.0}, {""start"": 18.5, ""end"": 19.5, ""duration"": 1.0}, {""start"": 19.5, ""end"": 21.0, ""duration"": 1.5}, {""start"": 21.0, ""end"": 22.0, ""duration"": 1.0}, {""start"": 22.0, ""end"": 23.0, ""duration"": 1.0}, {""start"": 8.0, ""end"": 9.0, ""duration"": 1.0}, {""start"": 9.0, ""end"": 10.0, ""duration"": 1.0}, {""start"": 10.0, ""end"": 11.0, ""duration"": 1.0}, {""start"": 11.0, ""end"": 12.0, ""duration"": 1.0}, {""start"": 12.0, ""end"": 13.0, ""duration"": 1.0}, {""start"": 13.0, ""end"": 14.0, ""duration"": 1.0}, {""start"": 14.0, ""end"": 15.0, ""duration"": 1.0}, {""start"": 15.0, ""end"": 16.5, ""duration"": 1.5}, {""start"": 16.5, ""end"": 18.0, ""duration"": 1.5}, {""start"": 18.0, ""end"": 20.0, ""duration"": 2.0}, {""start"": 20.0, ""end"": 22.0, ""duration"": 2.0}, {""start"": 22.0, ""end"": 23.0, ""duration"": 1.0}]"
2026-04-07;Tuesday;43.5;43.5;100.0;33;"[{""start"": 8.0, ""end"": 10.0, ""duration"": 2.0}, {""start"": 10.0, ""end"": 11.0, ""duration"": 1.0}, {""start"": 11.0, ""end"": 12.0, ""duration"": 1.0}, {""start"": 12.0, ""end"": 13.0, ""duration"": 1.0}, {""start"": 13.0, ""end"": 14.0, ""duration"": 1.0}, {""start"": 14.0, ""end"": 15.0, ""duration"": 1.0}, {""start"": 15.0, ""end"": 16.0, ""duration"": 1.0}, {""start"": 16.0, ""end"": 17.5, ""duration"": 1.5}, {""start"": 17.5, ""end"": 19.5, ""duration"": 2.0}, {""start"": 17.5, ""end"": 19.5, ""duration"": 2.0}, {""start"": 19.5, ""end"": 21.0, ""duration"": 1.5}, {""start"": 21.0, ""end"": 22.0, ""duration"": 1.0}, {""start"": 22.0, ""end"": 23.0, ""duration"": 1.0}, {""start"": 8.0, ""end"": 9.5, ""duration"": 1.5}, {""start"": 9.5, ""end"": 11.5, ""duration"": 2.0}, {""start"": 11.5, ""end"": 12.5, ""duration"": 1.0}, {""start"": 12.5, ""end"": 14.0, ""duration"": 1.5}, {""start"": 14.0, ""end"": 15.5, ""duration"": 1.5}, {""start"": 15.5, ""end"": 17.0, ""duration"": 1.5}, {""start"": 17.0, ""end"": 19.0, ""duration"": 2.0}, {""start"": 19.0, ""end"": 20.0, ""duration"": 1.0}, {""start"": 20.0, ""end"": 22.0, ""duration"": 2.0}, {""start"": 8.0, ""end"": 9.0, ""duration"": 1.0}, {""start"": 9.0, ""end"": 11.0, ""duration"": 2.0}, {""start"": 11.0, ""end"": 13.0, ""duration"": 2.0}, {""start"": 13.0, ""end"": 14.0, ""duration"": 1.0}, {""start"": 14.0, ""end"": 15.0, ""duration"": 1.0}, {""start"": 15.0, ""end"": 16.0, ""duration"": 1.0}, {""start"": 16.0, ""end"": 17.0, ""duration"": 1.0}, {""start"": 17.0, ""end"": 18.5, ""duration"": 1.5}, {""start"": 18.5, ""end"": 20.0, ""duration"": 1.5}, {""start"": 20.0, ""end"": 21.0, ""duration"": 1.0}, {""start"": 21.0, ""end"": 23.0, ""duration"": 2.0}]"
2026-04-08;Wednesday;43.5;34.5;79.31;26;"[{""start"": 9.0, ""end"": 10.5, ""duration"": 1.5}, {""start"": 10.5, ""end"": 11.5, ""duration"": 1.0}, {""start"": 12.5, ""end"": 13.5, ""duration"": 1.0}, {""start"": 14.5, ""end"": 15.5, ""duration"": 1.0}, {""start"": 15.5, ""end"": 16.5, ""duration"": 1.0}, {""start"": 16.5, ""end"": 17.5, ""duration"": 1.0}, {""start"": 17.5, ""end"": 19.0, ""duration"": 1.5}, {""start"": 19.0, ""end"": 20.5, ""duration"": 1.5}, {""start"": 20.5, ""end"": 22.0, ""duration"": 1.5}, {""start"": 22.0, ""end"": 23.0, ""duration"": 1.0}, {""start"": 11.0, ""end"": 12.0, ""duration"": 1.0}, {""start"": 13.0, ""end"": 14.5, ""duration"": 1.5}, {""start"": 16.5, ""end"": 18.0, ""duration"": 1.5}, {""start"": 18.0, ""end"": 19.0, ""duration"": 1.0}, {""start"": 19.0, ""end"": 20.0, ""duration"": 1.0}, {""start"": 20.0, ""end"": 21.0, ""duration"": 1.0}, {""start"": 21.0, ""end"": 23.0, ""duration"": 2.0}, {""start"": 8.0, ""end"": 9.5, ""duration"": 1.5}, {""start"": 9.5, ""end"": 11.0, ""duration"": 1.5}, {""start"": 11.0, ""end"": 13.0, ""duration"": 2.0}, {""start"": 14.5, ""end"": 15.5, ""duration"": 1.0}, {""start"": 15.5, ""end"": 17.0, ""duration"": 1.5}, {""start"": 17.0, ""end"": 19.0, ""duration"": 2.0}, {""start"": 19.0, ""end"": 20.0, ""duration"": 1.0}, {""start"": 20.0, ""end"": 22.0, ""duration"": 2.0}, {""start"": 22.0, ""end"": 23.0, ""duration"": 1.0}]"
2026-04-09;Thursday;43.5;40.5;93.1;26;"[{""start"": 8.0, ""end"": 10.0, ""duration"": 2.0}, {""start"": 10.0, ""end"": 12.0, ""duration"": 2.0}, {""start"": 12.0, ""end"": 13.5, ""duration"": 1.5}, {""start"": 13.5, ""end"": 15.0, ""duration"": 1.5}, {""start"": 15.0, ""end"": 16.5, ""duration"": 1.5}, {""start"": 16.5, ""end"": 18.0, ""duration"": 1.5}, {""start"": 18.0, ""end"": 20.0, ""duration"": 2.0}, {""start"": 20.0, ""end"": 22.0, ""duration"": 2.0}, {""start"": 9.5, ""end"": 10.5, ""duration"": 1.0}, {""start"": 10.5, ""end"": 11.5, ""duration"": 1.0}, {""start"": 11.5, ""end"": 13.0, ""duration"": 1.5}, {""start"": 13.0, ""end"": 14.0, ""duration"": 1.0}, {""start"": 15.0, ""end"": 16.5, ""duration"": 1.5}, {""start"": 16.5, ""end"": 18.0, ""duration"": 1.5}, {""start"": 18.0, ""end"": 19.0, ""duration"": 1.0}, {""start"": 19.0, ""end"": 21.0, ""duration"": 2.0}, {""start"": 21.0, ""end"": 23.0, ""duration"": 2.0}, {""start"": 8.0, ""end"": 9.5, ""duration"": 1.5}, {""start"": 10.5, ""end"": 12.5, ""duration"": 2.0}, {""start"": 12.5, ""end"": 14.5, ""duration"": 2.0}, {""start"": 14.5, ""end"": 16.0, ""duration"": 1.5}, {""start"": 16.0, ""end"": 17.5, ""duration"": 1.5}, {""start"": 17.5, ""end"": 18.5, ""duration"": 1.0}, {""start"": 18.5, ""end"": 20.0, ""duration"": 1.5}, {""start"": 20.0, ""end"": 22.0, ""duration"": 2.0}, {""start"": 22.0, ""end"": 23.0, ""duration"": 1.0}]"
2026-04-10;Friday;43.5;39.5;90.8;23;"[{""start"": 9.0, ""end"": 10.0, ""duration"": 1.0}, {""start"": 10.0, ""end"": 11.0, ""duration"": 1.0}, {""start"": 11.0, ""end"": 12.5, ""duration"": 1.5}, {""start"": 12.5, ""end"": 14.5, ""duration"": 2.0}, {""start"": 14.5, ""end"": 16.0, ""duration"": 1.5}, {""start"": 16.0, ""end"": 17.0, ""duration"": 1.0}, {""start"": 17.0, ""end"": 18.0, ""duration"": 1.0}, {""start"": 18.0, ""end"": 20.0, ""duration"": 2.0}, {""start"": 20.0, ""end"": 23.0, ""duration"": 3.0}, {""start"": 9.0, ""end"": 11.0, ""duration"": 2.0}, {""start"": 11.0, ""end"": 13.0, ""duration"": 2.0}, {""start"": 13.0, ""end"": 14.0, ""duration"": 1.0}, {""start"": 14.0, ""end"": 15.0, ""duration"": 1.0}, {""start"": 15.0, ""end"": 17.0, ""duration"": 2.0}, {""start"": 17.0, ""end"": 18.0, ""duration"": 1.0}, {""start"": 18.0, ""end"": 20.0, ""duration"": 2.0}, {""start"": 20.0, ""end"": 23.0, ""duration"": 3.0}, {""start"": 10.5, ""end"": 11.5, ""duration"": 1.0}, {""start"": 11.5, ""end"": 13.0, ""duration"": 1.5}, {""start"": 14.0, ""end"": 16.0, ""duration"": 2.0}, {""start"": 16.0, ""end"": 18.0, ""duration"": 2.0}, {""start"": 18.0, ""end"": 20.0, ""duration"": 2.0}, {""start"": 20.0, ""end"": 23.0, ""duration"": 3.0}]"
2026-04-11;Saturday;37.5;37.5;100.0;24;"[{""start"": 9.0, ""end"": 10.0, ""duration"": 1.0}, {""start"": 10.0, ""end"": 11.5, ""duration"": 1.5}, {""start"": 11.5, ""end"": 13.0, ""duration"": 1.5}, {""start"": 13.0, ""end"": 14.0, ""duration"": 1.0}, {""start"": 14.0, ""end"": 15.0, ""duration"": 1.0}, {""start"": 15.0, ""end"": 19.0, ""duration"": 4.0}, {""start"": 19.0, ""end"": 20.0, ""duration"": 1.0}, {""start"": 20.0, ""end"": 22.0, ""duration"": 2.0}, {""start"": 9.0, ""end"": 11.0, ""duration"": 2.0}, {""start"": 11.0, ""end"": 12.0, ""duration"": 1.0}, {""start"": 12.0, ""end"": 13.0, ""duration"": 1.0}, {""start"": 13.0, ""end"": 14.0, ""duration"": 1.0}, {""start"": 14.0, ""end"": 15.0, ""duration"": 1.0}, {""start"": 15.0, ""end"": 19.0, ""duration"": 4.0}, {""start"": 19.0, ""end"": 20.5, ""duration"": 1.5}, {""start"": 20.5, ""end"": 22.0, ""duration"": 1.5}, {""start"": 9.0, ""end"": 10.0, ""duration"": 1.0}, {""start"": 10.0, ""end"": 11.0, ""duration"": 1.0}, {""start"": 11.0, ""end"": 12.5, ""duration"": 1.5}, {""start"": 12.5, ""end"": 14.0, ""duration"": 1.5}, {""start"": 14.0, ""end"": 15.0, ""duration"": 1.0}, {""start"": 15.0, ""end"": 19.0, ""duration"": 4.0}, {""start"": 19.0, ""end"": 20.0, ""duration"": 1.0}, {""start"": 21.0, ""end"": 22.0, ""duration"": 1.0}]"
2026-04-12;Sunday;37.5;37.5;100.0;26;"[{""start"": 9.0, ""end"": 11.0, ""duration"": 2.0}, {""start"": 11.0, ""end"": 13.0, ""duration"": 2.0}, {""start"": 13.0, ""end"": 14.0, ""duration"": 1.0}, {""start"": 14.0, ""end"": 15.5, ""duration"": 1.5}, {""start"": 15.5, ""end"": 16.5, ""duration"": 1.0}, {""start"": 16.5, ""end"": 18.0, ""duration"": 1.5}, {""start"": 18.0, ""end"": 19.0, ""duration"": 1.0}, {""start"": 19.0, ""end"": 20.5, ""duration"": 1.5}, {""start"": 20.5, ""end"": 22.0, ""duration"": 1.5}, {""start"": 9.0, ""end"": 10.5, ""duration"": 1.5}, {""start"": 10.5, ""end"": 12.5, ""duration"": 2.0}, {""start"": 12.5, ""end"": 14.5, ""duration"": 2.0}, {""start"": 14.5, ""end"": 16.0, ""duration"": 1.5}, {""start"": 16.0, ""end"": 17.5, ""duration"": 1.5}, {""start"": 17.5, ""end"": 19.0, ""duration"": 1.5}, {""start"": 19.0, ""end"": 21.0, ""duration"": 2.0}, {""start"": 21.0, ""end"": 22.0, ""duration"": 1.0}, {""start"": 9.0, ""end"": 10.5, ""duration"": 1.5}, {""start"": 10.5, ""end"": 12.5, ""duration"": 2.0}, {""start"": 12.5, ""end"": 13.5, ""duration"": 1.0}, {""start"": 13.5, ""end"": 14.5, ""duration"": 1.0}, {""start"": 14.5, ""end"": 16.0, ""duration"": 1.5}, {""start"": 16.0, ""end"": 17.5, ""duration"": 1.5}, {""start"": 17.5, ""end"": 19.5, ""duration"": 2.0}, {""start"": 19.5, ""end"": 20.5, ""duration"": 1.0}, {""start"": 20.5, ""end"": 22.0, ""duration"": 1.5}]"
2026-04-13;Monday;43.5;34.5;79.31;25;"[{""start"": 9.0, ""end"": 10.5, ""duration"": 1.5}, {""start"": 10.5, ""end"": 11.5, ""duration"": 1.0}, {""start"": 12.5, ""end"": 14.5, ""duration"": 2.0}, {""start"": 16.0, ""end"": 17.0, ""duration"": 1.0}, {""start"": 17.0, ""end"": 18.5, ""duration"": 1.5}, {""start"": 18.5, ""end"": 19.5, ""duration"": 1.0}, {""start"": 19.5, ""end"": 21.5, ""duration"": 2.0}, {""start"": 21.5, ""end"": 23.0, ""duration"": 1.5}, {""start"": 9.0, ""end"": 10.0, ""duration"": 1.0}, {""start"": 13.0, ""end"": 15.0, ""duration"": 2.0}, {""start"": 15.0, ""end"": 16.0, ""duration"": 1.0}, {""start"": 16.0, ""end"": 17.0, ""duration"": 1.0}, {""start"": 17.0, ""end"": 18.0, ""duration"": 1.0}, {""start"": 18.0, ""end"": 19.0, ""duration"": 1.0}, {""start"": 19.0, ""end"": 20.5, ""duration"": 1.5}, {""start"": 20.5, ""end"": 21.5, ""duration"": 1.0}, {""start"": 21.5, ""end"": 23.0, ""duration"": 1.5}, {""start"": 8.5, ""end"": 10.0, ""duration"": 1.5}, {""start"": 10.0, ""end"": 11.5, ""duration"": 1.5}, {""start"": 11.5, ""end"": 12.5, ""duration"": 1.0}, {""start"": 15.0, ""end"": 16.5, ""duration"": 1.5}, {""start"": 16.5, ""end"": 18.5, ""duration"": 2.0}, {""start"": 18.5, ""end"": 20.0, ""duration"": 1.5}, {""start"": 20.0, ""end"": 21.0, ""duration"": 1.0}, {""start"": 21.0, ""end"": 23.0, ""duration"": 2.0}]"
2026-04-14;Tuesday;43.5;35.0;80.46;25;"[{""start"": 10.0, ""end"": 12.0, ""duration"": 2.0}, {""start"": 12.0, ""end"": 13.0, ""duration"": 1.0}, {""start"": 14.0, ""end"": 16.0, ""duration"": 2.0}, {""start"": 16.0, ""end"": 17.5, ""duration"": 1.5}, {""start"": 17.5, ""end"": 19.5, ""duration"": 2.0}, {""start"": 19.5, ""end"": 21.0, ""duration"": 1.5}, {""start"": 21.0, ""end"": 22.0, ""duration"": 1.0}, {""start"": 22.0, ""end"": 23.0, ""duration"": 1.0}, {""start"": 10.5, ""end"": 12.0, ""duration"": 1.5}, {""start"": 12.0, ""end"": 13.0, ""duration"": 1.0}, {""start"": 13.0, ""end"": 15.0, ""duration"": 2.0}, {""start"": 16.0, ""end"": 17.0, ""duration"": 1.0}, {""start"": 17.0, ""end"": 18.0, ""duration"": 1.0}, {""start"": 18.0, ""end"": 19.0, ""duration"": 1.0}, {""start"": 19.0, ""end"": 20.0, ""duration"": 1.0}, {""start"": 20.0, ""end"": 22.0, ""duration"": 2.0}, {""start"": 22.0, ""end"": 23.0, ""duration"": 1.0}, {""start"": 8.5, ""end"": 10.0, ""duration"": 1.5}, {""start"": 10.0, ""end"": 11.0, ""duration"": 1.0}, {""start"": 11.0, ""end"": 13.0, ""duration"": 2.0}, {""start"": 16.0, ""end"": 17.0, ""duration"": 1.0}, {""start"": 17.0, ""end"": 18.5, ""duration"": 1.5}, {""start"": 18.5, ""end"": 20.0, ""duration"": 1.5}, {""start"": 20.0, ""end"": 21.0, ""duration"": 1.0}, {""start"": 21.0, ""end"": 23.0, ""duration"": 2.0}]"
2026-04-15;Wednesday;43.5;38.0;87.36;26;"[{""start"": 9.0, ""end"": 10.5, ""duration"": 1.5}, {""start"": 10.5, ""end"": 12.5, ""duration"": 2.0}, {""start"": 12.5, ""end"": 13.5, ""duration"": 1.0}, {""start"": 15.0, ""end"": 16.0, ""duration"": 1.0}, {""start"": 16.0, ""end"": 17.5, ""duration"": 1.5}, {""start"": 17.5, ""end"": 19.5, ""duration"": 2.0}, {""start"": 19.5, ""end"": 21.0, ""duration"": 1.5}, {""start"": 21.0, ""end"": 23.0, ""duration"": 2.0}, {""start"": 8.0, ""end"": 9.5, ""duration"": 1.5}, {""start"": 9.5, ""end"": 11.0, ""duration"": 1.5}, {""start"": 11.0, ""end"": 12.5, ""duration"": 1.5}, {""start"": 14.5, ""end"": 16.5, ""duration"": 2.0}, {""start"": 16.5, ""end"": 18.0, ""duration"": 1.5}, {""start"": 18.0, ""end"": 19.0, ""duration"": 1.0}, {""start"": 19.0, ""end"": 20.0, ""duration"": 1.0}, {""start"": 20.0, ""end"": 21.0, ""duration"": 1.0}, {""start"": 21.0, ""end"": 22.0, ""duration"": 1.0}, {""start"": 8.5, ""end"": 10.0, ""duration"": 1.5}, {""start"": 10.0, ""end"": 11.5, ""duration"": 1.5}, {""start"": 11.5, ""end"": 12.5, ""duration"": 1.0}, {""start"": 13.5, ""end"": 15.5, ""duration"": 2.0}, {""start"": 15.5, ""end"": 17.0, ""duration"": 1.5}, {""start"": 17.0, ""end"": 19.0, ""duration"": 2.0}, {""start"": 19.0, ""end"": 20.0, ""duration"": 1.0}, {""start"": 20.0, ""end"": 22.0, ""duration"": 2.0}, {""start"": 22.0, ""end"": 23.0, ""duration"": 1.0}]"
2026-04-16;Thursday;43.5;28.5;65.52;19;"[{""start"": 9.0, ""end"": 11.0, ""duration"": 2.0}, {""start"": 12.5, ""end"": 13.5, ""duration"": 1.0}, {""start"": 14.5, ""end"": 15.5, ""duration"": 1.0}, {""start"": 16.5, ""end"": 18.5, ""duration"": 2.0}, {""start"": 18.5, ""end"": 20.0, ""duration"": 1.5}, {""start"": 20.0, ""end"": 22.0, ""duration"": 2.0}, {""start"": 22.0, ""end"": 23.0, ""duration"": 1.0}, {""start"": 13.5, ""end"": 14.5, ""duration"": 1.0}, {""start"": 14.5, ""end"": 15.5, ""duration"": 1.0}, {""start"": 16.5, ""end"": 18.0, ""duration"": 1.5}, {""start"": 18.0, ""end"": 19.0, ""duration"": 1.0}, {""start"": 19.0, ""end"": 21.0, ""duration"": 2.0}, {""start"": 21.0, ""end"": 23.0, ""duration"": 2.0}, {""start"": 12.0, ""end"": 14.0, ""duration"": 2.0}, {""start"": 15.5, ""end"": 16.5, ""duration"": 1.0}, {""start"": 16.5, ""end"": 18.0, ""duration"": 1.5}, {""start"": 18.0, ""end"": 19.0, ""duration"": 1.0}, {""start"": 19.0, ""end"": 21.0, ""duration"": 2.0}, {""start"": 21.0, ""end"": 23.0, ""duration"": 2.0}]"
2026-04-17;Friday;43.5;35.0;80.46;24;"[{""start"": 10.0, ""end"": 11.0, ""duration"": 1.0}, {""start"": 12.5, ""end"": 13.5, ""duration"": 1.0}, {""start"": 13.5, ""end"": 14.5, ""duration"": 1.0}, {""start"": 14.5, ""end"": 16.0, ""duration"": 1.5}, {""start"": 16.0, ""end"": 17.0, ""duration"": 1.0}, {""start"": 17.0, ""end"": 18.0, ""duration"": 1.0}, {""start"": 18.0, ""end"": 19.0, ""duration"": 1.0}, {""start"": 19.0, ""end"": 20.0, ""duration"": 1.0}, {""start"": 20.0, ""end"": 23.0, ""duration"": 3.0}, {""start"": 10.0, ""end"": 11.0, ""duration"": 1.0}, {""start"": 13.5, ""end"": 15.0, ""duration"": 1.5}, {""start"": 15.0, ""end"": 16.0, ""duration"": 1.0}, {""start"": 16.0, ""end"": 18.0, ""duration"": 2.0}, {""start"": 18.0, ""end"": 20.0, ""duration"": 2.0}, {""start"": 20.0, ""end"": 23.0, ""duration"": 3.0}, {""start"": 8.0, ""end"": 9.0, ""duration"": 1.0}, {""start"": 10.0, ""end"": 11.0, ""duration"": 1.0}, {""start"": 12.0, ""end"": 13.5, ""duration"": 1.5}, {""start"": 13.5, ""end"": 15.0, ""duration"": 1.5}, {""start"": 15.0, ""end"": 16.0, ""duration"": 1.0}, {""start"": 16.0, ""end"": 17.0, ""duration"": 1.0}, {""start"": 17.0, ""end"": 19.0, ""duration"": 2.0}, {""start"": 19.0, ""end"": 20.0, ""duration"": 1.0}, {""start"": 20.0, ""end"": 23.0, ""duration"": 3.0}]"
2026-04-18;Saturday;37.5;37.5;100.0;24;"[{""start"": 9.0, ""end"": 12.0, ""duration"": 3.0}, {""start"": 12.0, ""end"": 14.0, ""duration"": 2.0}, {""start"": 14.0, ""end"": 16.0, ""duration"": 2.0}, {""start"": 16.0, ""end"": 17.0, ""duration"": 1.0}, {""start"": 17.0, ""end"": 18.0, ""duration"": 1.0}, {""start"": 18.0, ""end"": 19.0, ""duration"": 1.0}, {""start"": 19.0, ""end"": 20.0, ""duration"": 1.0}, {""start"": 20.0, ""end"": 22.0, ""duration"": 2.0}, {""start"": 9.0, ""end"": 12.0, ""duration"": 3.0}, {""start"": 12.0, ""end"": 13.0, ""duration"": 1.0}, {""start"": 13.0, ""end"": 14.0, ""duration"": 1.0}, {""start"": 14.0, ""end"": 16.0, ""duration"": 2.0}, {""start"": 16.0, ""end"": 17.0, ""duration"": 1.0}, {""start"": 17.0, ""end"": 18.0, ""duration"": 1.0}, {""start"": 18.0, ""end"": 19.0, ""duration"": 1.0}, {""start"": 19.0, ""end"": 21.0, ""duration"": 2.0}, {""start"": 21.0, ""end"": 22.0, ""duration"": 1.0}, {""start"": 9.0, ""end"": 12.0, ""duration"": 3.0}, {""start"": 12.0, ""end"": 14.0, ""duration"": 2.0}, {""start"": 14.0, ""end"": 15.5, ""duration"": 1.5}, {""start"": 15.5, ""end"": 17.5, ""duration"": 2.0}, {""start"": 17.5, ""end"": 19.0, ""duration"": 1.5}, {""start"": 19.0, ""end"": 20.5, ""duration"": 1.5}, {""start"": 20.5, ""end"": 22.0, ""duration"": 1.5}]"
